fileId,title,url,keywords,description,source,author,date,year,domainName,websiteName,views,comments,likes,forwardings,language,area,title_in_article,news_category,
c6d62b7e557b56258f4410e3d3ec3976,中法将合作开发可再生能源并网技术、储能技术,https://xueqiu.com/7939987924/135380594,"中法将合作开发可再生能源并网技术、储能技术 11月6日，在国家主席习近平和法国总统马克龙的共同见证下，国家电网有限公司董事长寇伟与法国电力公司董事长兼总裁乐维在北京...,雪球",11月6日，在国家主席习近平和法国总统马克龙的共同见证下，国家电网有限公司董事长寇伟与法国电力公司董事长兼总裁乐维在北京人民大会堂签署合作框架协议，标志着双方合作进入新阶段，推动中法能源合作迈出新步伐。 国家电网公司与法国电力公司签署的合作框架协议是中法两国能源领域深入合作的重...,,能源圈,2022/1/1,2022,xueqiu.com,雪球网,,,,,zh,法国,,,
6f13bb6f4ef1a173cf5ba61acea73c78,【汽车人】马克龙加注新能源，中国新势力在法难落脚,https://www.sohu.com/a/495569170_126781,,法国整车企业转型电动车太慢，导致电池企业在法国部署产能，是一桩不合算的买卖。现在，马克龙心急地推出了单独的支持计划，在欧洲主要电池产能规划都已经花落别家之后。,,汽车人传媒,2021/10/17,2021,www.sohu.com,搜狐,1506,0,,,zh,法国,,,
b808ca9bac995d707ad9564bbb3d5476,马克龙：将对汽车行业大规模实施扶助计划,https://www.sohu.com/a/397976999_162758,"马克龙,法国,汽车,欧元,能源,车企,投资,制造,购买力,计划,马克龙,法国,汽车行业,清洁能源汽车,欧元",当地时间26日，法国总统马克龙宣布了对汽车行业的大规模扶助计划，法国政府将动用约80亿欧元资助汽车行业，从提高购买力，将制造迁回法国和通过投资增加竞争力三方面对整个汽车行业展开支持。（总台记者江华） 声明…,,光明网,2020/5/27,2020,www.sohu.com,搜狐,296,0,0,,zh,法国,,,
9437c80b8b8474f47127acb0eb9a457b,被美国下黑手肢解的法国能源巨头，被美企吞并后，马克龙只能无奈,https://www.sohu.com/a/316047549_100183692,"阿尔斯通,马克龙,中国,企业,世界,巨头,能源,进行,高管,粤海街道办,岭澳,中国合建电厂,香港地铁,阿尔斯通公司",阿尔斯通的中国情缘可以追溯到建国初期，当时中国进行大规模工业化建设，由于被美国封锁，世界大国中只有两个国家响应了中国的号召，苏联对中国进行了全方位的工业援助，另一个就是法国，向中国提供了首批电力机车和电传动内…,,历史小清,2019/5/23,2019,www.sohu.com,搜狐,12000,0,0,,zh,法国,,,
09c3f8acdf5d487b81e6c9ba07447a03,受不了0.5元柴油税，”黄马甲”要求马克龙下台！谁在渔翁得利？,https://www.sohu.com/a/279595051_591132,"黄马甲,马克龙,运动,柴油,渔翁得利,人民,民众,经济,价格,家庭",【财经ABC】讯：12月3日（周一），法国财长勒梅尔（Bruno Le Maire）称，持续三周的“黄马甲”抗议活动已对法国经济造成沉重打击，商店、酒店和餐馆的商业活动大幅下降。 法国经济研究所11…,,财经ABC,2018/12/4,2018,www.sohu.com,搜狐,3442,0,0,,zh,法国,,,
7fec39516df8d66053658d4c108203bc,马克龙致力于解决「黄马甲」危机,https://www.sohu.com/a/279399493_160107,"de,黄马甲,la,souill,马克龙,Les,et,pris,que,du",黄马甲的游行在周六已经演变成了一场规模无法估量的城市暴乱，自从马克龙从阿根廷G20峰会回来之后，便采取了相应措施以应对这场首都浩劫。总统先生先去到了星形广场，之后又在黄马甲暴乱者的讥讽声以及过往市民的掌声中匆…,,沪江法语,2018/12/3,2018,www.sohu.com,搜狐,60,0,0,,zh,法国,,,
333db9494a176c3d5c6fdda45979dae2,欧洲商务考察之法国的风力发电情况介绍,https://www.sohu.com/a/245909732_505211,"法国,能源,欧洲,风力,发电场,建设,LeFigaro,组织,涡轮,计划",,,数字工业知识中心,2018/8/8,2018,www.sohu.com,搜狐,228,0,0,,zh,法国,,,
2cfb9e9f7460fdd1abc1315724319ddc,法国迎来小清新总统，能源也将更清洁？,https://www.sohu.com/a/139264447_244948,"法国,迎来,清新,总统,能源,清洁",马克龙当选法国总统，他支持哪些能源政策？在日益复杂的欧洲局势中，他兑现竞选承诺的几率又有几何？,,能源新闻网,2017/5/9,2017,www.sohu.com,搜狐,51,0,0,,zh,法国,,,
069c94af3f3a98a2fbf7e2a07164a797,法国称要通过建造新核反应堆来实现2050年碳中和目标,https://www.163.com/dy/article/GOHH860H0511BLFD.html,"核反应堆,法国,核电,天然气,马克龙",法国称要通过建造新核反应堆来实现2050年碳中和目标，核反应堆，法国，核电，天然气，马克龙,网易,cnBeta.COM,2021/11/11,2021,www.163.com,网易,,1,,,zh,法国,,核电|天然气|马克龙,
9edab1b0e2b9e05a00d32065a1edcaae,法国公布40亿欧元电动车计划，扭转工业衰退局面,https://www.163.com/dy/article/GM8PJ5FF0527C2IL.html,"法国,欧元,汽车,电动汽车,马克龙",法国公布40亿欧元电动车计划，扭转工业衰退局面，法国，欧元，汽车，电动汽车，马克龙,网易,电动邦,2021/10/14,2021,www.163.com,网易,,24,,,zh,法国,,汽车|电动汽车|马克龙,
035ae9e214167e6856628d3182cdd7d8,法国将投资300亿欧元振兴工业 涉及核能等领域,https://www.163.com/dy/article/GM4P3OOI05198UNI.html,"法国,欧元,氢能,马克龙,法国政府",法国将投资300亿欧元振兴工业 涉及核能等领域，法国，欧元，氢能，马克龙，法国政府,网易,智通财经网,2021/10/12,2021,www.163.com,网易,,72,,,zh,法国,,氢能|马克龙,
c88c7049ae5b2c96f7ac8bdb31eea433,马克龙：法国应成为欧洲“第一技术强国”,https://www.163.com/dy/article/GLAPKIKR0514BQ68.html,"马克龙,法国,欧洲,法国政府",马克龙：法国应成为欧洲“第一技术强国”，马克龙，法国，欧洲，法国政府,网易,参考消息,2021/10/2,2021,www.163.com,网易,,309,,,zh,法国,,,
ebbbfa6716d9984707b1ca11f2ac8bf4,法国总统马克龙：力挺船舶降速航行减排,https://www.163.com/dy/article/ENMQBHUV0514C1PI.html,,法国总统马克龙：力挺船舶降速航行减排，,网易,信德海事,2019/8/28,2019,www.163.com,网易,,0,,,zh,法国,,,
cefd7b56572300c0771ab483759d48aa,马克龙宣布2021年关停所有煤电厂 但法国究竟还有多少煤电装机？,https://news.bjx.com.cn/html/20180125/876758.shtml,"马克龙宣布2021年关停所有煤电厂 但法国究竟还有多少煤电装机？,天然气发电,生物质发电,煤电装机",马克龙宣布2021年关停所有煤电厂 但法国究竟还有多少煤电装机？，法国总统马克龙昨天在达沃斯论坛发表演讲时宣布，法国将在2021年关停所有煤电厂，比上届政府的目标提前了2年。现在问题来了：以核电为主的法国到底有多少煤电装机？根据法国国家电网RTE的数据，到2017年6月底止，法,国际能源小数据,,2018/1/25,2018,news.bjx.com.cn,北极星网,,,,,zh,法国,,,
ef5536da65dcba348e19d1ae1c6bab54,关注 | 马克龙访华带了那些能源合作,https://news.bjx.com.cn/html/20180111/873366.shtml,"关注 | 马克龙访华带了那些能源合作,生物质热电,燃煤锅炉,马卡龙",关注 | 马克龙访华带了那些能源合作，前天（1月8日），法国总统马克龙抵达中国古都、古丝绸之路起点西安，开启上任来对中国的首次访问。马克龙是中国2018开年接待的首个元首，而中国也是马克龙首次ldquo;亚洲行rdquo;访问的第一个国家。据说，马克龙之所,北极星电力网,,2018/1/11,2018,news.bjx.com.cn,北极星网,,,,,zh,法国,,,
273692ed896ea6058a13a45b844398c7,马克龙：不认为有能力压低能源价格,https://new.qq.com/omn/20211030/20211030A00O3B00.html,"马克龙：不认为有能力压低能源价格,马克龙,法国_财经,g20",法国总统马克龙表示，考虑到需求方面的紧张情况，不认为有能力压低能源价格。G20需要直接取消对燃煤发电厂的所有国际融资；没有证据表明俄罗斯操纵了(能源)价格。来源: 同花顺金融研究中心关注同花顺财经微……,,,2021/10/30,2021,new.qq.com,腾讯网,,,,,zh,法国,,finance,
8e3613940bc36a2901a208f32b789a76,154亿元人民币！中法达成电动汽车合约，马克龙：请选法国,https://new.qq.com/omn/20210714/20210714V02ADX00.html,"154亿元人民币！中法达成电动汽车合约，马克龙：请选法国,",154亿元人民币！中法达成电动汽车合约，马克龙：请选法国,,,2021/7/14,2021,new.qq.com,腾讯网,,,,,zh,法国,,,
37c621a1f79bdab9132f96d70dbae267,莫迪倡导、马克龙力挺：国际太阳能联盟启动 目标1000GW！,https://guangfu.bjx.com.cn/news/20180313/885051.shtml,"莫迪倡导、马克龙力挺：国际太阳能联盟启动 目标1000GW！,太阳能发电,国际太阳能联盟,光伏市场",莫迪倡导、马克龙力挺：国际太阳能联盟启动 目标1000GW！，2018年3月11日，印度总理莫迪、法国总统马克龙领衔与30多位国家元首和政府首脑以及近百个国家和组织的代表团齐聚印度首都德里召开太阳能峰会，正式宣布一个全新的政府间国际组织国际太阳能联盟（InternationalSolarA,国际能源小数据,,2018/3/13,2018,news.bjx.com.cn,北极星网,,,,,zh,法国,,,
655def093295892375c6dd325a7496f1,法国最新民调显示马克龙支持率下降,http://finance.sina.com.cn/jjxw/2022-01-23/doc-ikyamrmz6868533.shtml,"马克龙,支持率,法国,法国媒体,法国总统,马克龙,支持率,法国,法国媒体,法国总统",,,央视网,2022/1/23,2022,finance.sina.com.cn,新浪财经,,,,,zh,法国,,,
bf6955821f080d368ecd4052b8c9d1af,马克龙的欧洲雄心能否实现,http://finance.sina.com.cn/jjxw/2021-12-13/doc-ikyakumx3772919.shtml,马克龙的欧洲雄心能否实现,,,媒体滚动,2021/12/13,2021,finance.sina.com.cn,新浪财经,,,,,zh,法国,,,
793b32f9fea9851e0a4bd074ac051334,7x24小时全球实时财经新闻直播,http://finance.sina.com.cn/7x24/2021-10-06/doc-iktzqtyt9982385.shtml,"21年10月06日,实时,财经,全球新闻",新浪财经为您带来：法国总统马克龙：可再生能源和核能显然是关键因素。,,,2021/10/6,2021,finance.sina.com.cn,新浪财经,,,,,zh,法国,,,
5e28847ee4ac11ae936f0aa3331b2c65,马克龙警告普京：打算捍卫乌克兰领土完整！国人：不知天高地厚！,http://dy.163.com/article/GP2V05UP0515CIPJ.html,"马克龙,普京,乌克兰,难民,北约",马克龙警告普京：打算捍卫乌克兰领土完整！国人：不知天高地厚！，马克龙，普京，乌克兰，难民，北约,网易,战略观察员,2021/11/18,2021,www.163.com,网易,,2975,,,zh,法国,,北约,
fb27d1ccb6c4074136bab909c144acfc,法国总统马克龙能否连任有四大挑战,http://baijiahao.baidu.com/s?id=1721476217469720416&wfr=spider&for=pc,,,,雄观天下,2022/1/9,2022,baijiahao.baidu.com,百家号,,0,,,zh,法国,,,
4e24ee9cd97fbb656f285387d0e86275,300亿欧元“绿”图，为选举马克龙也是拼了……,http://baijiahao.baidu.com/s?id=1719808543308813642&wfr=spider&for=pc,,,,中国青年网,2021/12/22,2021,baijiahao.baidu.com,百家号,,0,,,zh,法国,,,
16b73924ed4dab25774b739bad9d3452,法国持续发展可再生能源：马克龙宣布启动本土新核电计划,http://baijiahao.baidu.com/s?id=1717444767704766107&wfr=spider&for=pc,,,,参考消息,2021/11/26,2021,baijiahao.baidu.com,百家号,,0,,,zh,法国,,,
5733260e2116125e70ce54da48f85acb,马克龙走访氢能初创企业,http://baijiahao.baidu.com/s?id=1716819179798347176&wfr=spider&for=pc,,,,走出去导航网,2021/11/19,2021,baijiahao.baidu.com,百家号,,1,,,zh,法国,,,
dbd17eab1c9291f1744f7013164b6244,马克龙视察前沿企业 呼吁发展氢能源,http://baijiahao.baidu.com/s?id=1716628842085834245&wfr=spider&for=pc,,,,欧洲时报官方,2021/11/17,2021,baijiahao.baidu.com,百家号,,0,,,zh,法国,,,
69f3cb1966b15057c726c0804eae9cc2,马克龙宣布重启法国新建核电：确保能源自主、实现气候目标,http://baijiahao.baidu.com/s?id=1716132127156412609&wfr=spider&for=pc,,,,澎湃新闻,2021/11/11,2021,baijiahao.baidu.com,百家号,,0,,,zh,法国,,,
88eba44c3b43a6bb0286e60f7aac24db,法国总统马克龙：用核电为发展绿氢加速,http://baijiahao.baidu.com/s?id=1716005392740033811&wfr=spider&for=pc,,,,氢启未来网,2021/11/10,2021,baijiahao.baidu.com,百家号,,0,,,zh,法国,,,
f83cfe23bf44699f4d6e68204a925e26,美国将欧洲能源危机归咎于俄罗斯，马克龙：没这种证据,http://baijiahao.baidu.com/s?id=1715149633035205122&wfr=spider&for=pc,,,,环球时报,2021/11/1,2021,baijiahao.baidu.com,百家号,,11,,,zh,法国,,,
74cf9421df3966c1d1346698a26b1fe3,马克龙发出警告，并拒绝将危机归咎于俄罗斯！,http://baijiahao.baidu.com/s?id=1715049067346828953&wfr=spider&for=pc,,,,北晚在线,2021/10/30,2021,baijiahao.baidu.com,百家号,,0,,,zh,法国,,,
7e050269b3d72776a965bcf5fbb6a570,马克龙：没证据表明俄罗斯在操纵欧洲能源市场价格,http://baijiahao.baidu.com/s?id=1715046549992727226&wfr=spider&for=pc,,,,环球网,2021/10/30,2021,baijiahao.baidu.com,百家号,,0,,,zh,法国,,,
205fc12b2ca6142f5328aa5aef42ecac,中方同马克龙打了一个电话：近期几件大事表明，法国选择完全正确,http://baijiahao.baidu.com/s?id=1714786782364560008&wfr=spider&for=pc,,,,人民资讯,2021/10/27,2021,baijiahao.baidu.com,百家号,,0,,,zh,法国,,,
1a38d1668de16c53e555a7f9c67315d4,法国推动核能、氢能的开发,http://baijiahao.baidu.com/s?id=1713947382207362082&wfr=spider&for=pc,,,,人民资讯,2021/10/18,2021,baijiahao.baidu.com,百家号,,0,,,zh,法国,,,
4252f8687b2a7eb37d3c28f59ecf6d52,快马加鞭，法国希望成为领先的电动汽车生产国,http://baijiahao.baidu.com/s?id=1713665628824926621&wfr=spider&for=pc,,,,动点汽车,2021/10/15,2021,baijiahao.baidu.com,百家号,,0,,,zh,法国,,,
1937ca986783cf37953bf53bf4c15724,法国总统候选人勒庞：当选后将停止对可再生能源补贴，拆除风力发电机,http://baijiahao.baidu.com/s?id=1713600619483570091&wfr=spider&for=pc,,,,界面新闻,2021/10/14,2021,baijiahao.baidu.com,百家号,,96,,,zh,法国,,,
c1c972e17130a7602d8f2216adb37e66,马克龙公布300亿欧元投资计划：让法国重掌自己的命运,http://baijiahao.baidu.com/s?id=1713499596849335404&wfr=spider&for=pc,,,,观察者网,2021/10/13,2021,baijiahao.baidu.com,百家号,,4,,,zh,法国,,,
f94ce9ae1d5a8d6e28631f7d7d8a0296,马克龙公布“法国2030”投资计划 旨在重振法国工业,http://baijiahao.baidu.com/s?id=1713430192715288690&wfr=spider&for=pc,,,,中国新闻网,2021/10/12,2021,baijiahao.baidu.com,百家号,,0,,,zh,法国,,,
b602de16a030a6a28d4cf16b32f4d36e,应对全球气候变化，马克龙被指“光说不练”,http://baijiahao.baidu.com/s?id=1707876171616409820&wfr=spider&for=pc,,,,华舆,2021/8/12,2021,baijiahao.baidu.com,百家号,,0,,,zh,法国,,,
0eb035a48c51912652c6dab97fcb6f9c,面对联合国气候评估报告，马克龙因其“环保成绩单”挨批,http://baijiahao.baidu.com/s?id=1707789368255499288&wfr=spider&for=pc,,,,欧洲时报官方,2021/8/11,2021,baijiahao.baidu.com,百家号,,0,,,zh,法国,,,
58d57095457be10274005b192b550b1d,20 亿欧！中法联合打造世界领先电池生产中心，马克龙：请选法国,http://baijiahao.baidu.com/s?id=1703897331878261053&wfr=spider&for=pc,,,,华舆,2021/6/29,2021,baijiahao.baidu.com,百家号,,632,,,zh,法国,,,
42719c0bd6ff67decaf63716e9435d52,为减少碳排放，法国禁飞国内短途航班,http://baijiahao.baidu.com/s?id=1696877716768164801&wfr=spider&for=pc,,,,潇湘晨报,2021/4/13,2021,baijiahao.baidu.com,百家号,,0,,,zh,法国,,,
746f7a91c6d9ab69e6875613b2b8d2ee,阵风战机生产商、法国达索集团继承人之一坠机身亡，马克龙表态,http://baijiahao.baidu.com/s?id=1693631289428514295&wfr=spider&for=pc,,,,环球时报国际,2021/3/8,2021,baijiahao.baidu.com,百家号,,538,,,zh,法国,,,
b29c9b266b66ed788941f431bb0a527c,特朗普即将任期结束之际，马克龙为何重启绿色外交？,http://baijiahao.baidu.com/s?id=1688759309863656827&wfr=spider&for=pc,,,,第一财经,2021/1/13,2021,baijiahao.baidu.com,百家号,,1,,,zh,法国,,,
047ce4ecaa10caa5265b2e75c7bd9723,中国说到做到，超额完成2020年任务，马克龙当着所有外长面赞赏,http://baijiahao.baidu.com/s?id=1687514107875775296&wfr=spider&for=pc,,,,烽火亮剑,2020/12/30,2020,baijiahao.baidu.com,百家号,,6,,,zh,法国,,,
ba1f67321f5683c2a59f39df8ce62337,马克龙呼吁各国立即行动起来应对气候变化,http://baijiahao.baidu.com/s?id=1685930022124290775&wfr=spider&for=pc,,,,新民晚报,2020/12/13,2020,baijiahao.baidu.com,百家号,,0,,,zh,法国,,,
cb6edc0a28b0de87db8c4b83caef2598,法国总统马克龙：法国能源和生态的未来取决于核能,http://baijiahao.baidu.com/s?id=1685859812375285712&wfr=spider&for=pc,,,,全国能源信息平台,2020/12/12,2020,baijiahao.baidu.com,百家号,,0,,,zh,法国,,,
f757c2ba8a6cc8626c118d3749805df1,法国总统马克龙强调核能重要性,http://baijiahao.baidu.com/s?id=1685781612737493274&wfr=spider&for=pc,,,,全国能源信息平台,2020/12/11,2020,baijiahao.baidu.com,百家号,,0,,,zh,法国,,,
1f0cb7589e0938dda1237ca1cc664a14,此刻复苏难题，法国总统马克龙要问计这家中国企业,http://baijiahao.baidu.com/s?id=1683055840823289141&wfr=spider&for=pc,,,,人民资讯,2020/11/11,2020,baijiahao.baidu.com,百家号,,0,,,zh,法国,,,
16789e9ebc4aac333d79b1af88413908,全球大热门，法国总统站台pick，这种技术中国也有,http://baijiahao.baidu.com/s?id=1667900855542211047&wfr=spider&for=pc,,,,车市零距离,2020/5/28,2020,baijiahao.baidu.com,百家号,,0,,,zh,法国,,,
d351417b4c32c9ae20e109c4ce0177d3,法国总统马克龙宣布出资80亿欧元重振汽车产业,http://baijiahao.baidu.com/s?id=1667802340081672162&wfr=spider&for=pc,,,,界面新闻,2020/5/27,2020,baijiahao.baidu.com,百家号,,1,,,zh,法国,,,
38007a0d94c9907bcdbf5e9dde9b4000,法国颁新法鼓励绿色交通出行,http://baijiahao.baidu.com/s?id=1656285056641557017&wfr=spider&for=pc,,,,人民网,2020/1/21,2020,baijiahao.baidu.com,百家号,,0,,,zh,法国,,,
76176263afcd0c3bf04a47421a3e0b1e,法媒盘点马克龙“中国行” 中法合作内容达150亿美元,http://baijiahao.baidu.com/s?id=1649499850362298614&wfr=spider&for=pc,,,,新浪财经,2019/11/7,2019,baijiahao.baidu.com,百家号,,0,,,zh,法国,,,
a3567a0901d03a2b080e4fe0cd25e7c5,马克龙：法中都支持多边主义，体现大国担当,http://baijiahao.baidu.com/s?id=1637723375944999654&wfr=spider&for=pc,,,,时事看点,2019/6/30,2019,baijiahao.baidu.com,百家号,,0,,,zh,法国,,,
ac2b5227684f65f61290031c81586312,马克龙要5年内重建巴黎圣母院 已获得超7.5亿欧元捐款,http://baijiahao.baidu.com/s?id=1631026888131131888&wfr=spider&for=pc,,,,新民晚报,2019/4/17,2019,baijiahao.baidu.com,百家号,,0,,,zh,法国,,,
358b30d49deed6c957c690b972de82f3,法国国会议员重提恢复碳税问题 马克龙立即叫停,http://baijiahao.baidu.com/s?id=1625436084149402438&wfr=spider&for=pc,,,,环球网,2019/2/14,2019,baijiahao.baidu.com,百家号,,0,,,zh,法国,,,
3a7f0d7442c4d56ca6e7059dfb30b319,马克龙将重蹈戴高乐覆辙？外媒：“吃瓜群众”中属他最开心,http://baijiahao.baidu.com/s?id=1620137882731596131&wfr=spider&for=pc,,,,参考消息,2018/12/18,2018,baijiahao.baidu.com,百家号,,5,,,zh,法国,,,
cfac34528fcb6742d9be9d766f82eeb9,马克龙给“黄马甲”让了一小步，其实是以退为进,http://baijiahao.baidu.com/s?id=1619541014349861545&wfr=spider&for=pc,,,,中国江苏网,2018/12/11,2018,baijiahao.baidu.com,百家号,,0,,,zh,法国,,,
9b3bca6cb2bbbdae602450112d197785,燃油税危险 马克龙妥协？,http://baijiahao.baidu.com/s?id=1619404108934841077&wfr=spider&for=pc,,,,金融界,2018/12/10,2018,baijiahao.baidu.com,百家号,,0,,,zh,法国,,,
cc8241692b69a6ee22b7587dffebec6f,侠客岛：马克龙的至暗时刻,http://baijiahao.baidu.com/s?id=1619202780191716220&wfr=spider&for=pc,,,,海外网,2018/12/7,2018,baijiahao.baidu.com,百家号,,0,,,zh,法国,,,
daca728223fdc3fa28a996099429f6d7,“碳”关大考 看马克龙如何应对,http://baijiahao.baidu.com/s?id=1619158152784319754&wfr=spider&for=pc,,,,国际在线,2018/12/7,2018,baijiahao.baidu.com,百家号,,0,,,zh,法国,,,
dd485974330c2acf0dfb1323b42e1877,马克龙“投降”了，但工会和农民要上街,http://baijiahao.baidu.com/s?id=1619079150698674037&wfr=spider&for=pc,,,,央视网,2018/12/6,2018,baijiahao.baidu.com,百家号,,2,,,zh,法国,,,
f14dbdaa4267a74dc63c44d5c6420511,马克龙选择妥协，但“黄马甲之轮”难停下来丨新京报专栏,http://baijiahao.baidu.com/s?id=1619058058930093284&wfr=spider&for=pc,,,,新京报评论,2018/12/6,2018,baijiahao.baidu.com,百家号,,0,,,zh,法国,,,
85adada53f6da71e801cdabb1cff1b0f,燃油税引发民众抗议，法国总统马克龙遭遇政治危机,http://baijiahao.baidu.com/s?id=1618801221812013204&wfr=spider&for=pc,,,,前瞻网,2018/12/3,2018,baijiahao.baidu.com,百家号,,0,,,zh,法国,,,
6c764edfaf190440658f2918d54f14df,要环保还是要民生？法国燃油税之争,http://baijiahao.baidu.com/s?id=1617786346524834088&wfr=spider&for=pc,,,,界面新闻,2018/11/22,2018,baijiahao.baidu.com,百家号,,1,,,zh,法国,,,
c5f282007c22226d2db4b08a3cde5eff,德媒：马克龙莫迪国际太阳能联盟首次峰会上力促“太阳能革命”,http://baijiahao.baidu.com/s?id=1594790048798670733&wfr=spider&for=pc,,,,参考消息,2018/3/13,2018,baijiahao.baidu.com,百家号,,0,,,zh,法国,,,
fcce43a45c19796b2bfc30ac8db35c70,印度和法国表示将加强在可再生能源方面合作,http://baijiahao.baidu.com/s?id=1594724436173556131&wfr=spider&for=pc,,,,中国江苏网,2018/3/12,2018,baijiahao.baidu.com,百家号,,0,,,zh,法国,,,
ac9b181dcfda0e3b03ae327dcca5f363,法国最年轻总统马克龙：到2022年太阳能装机将达7GW,https://www.sohu.com/a/139779202_418320,"法国,年轻,总统,马克,2022,太阳能,装机,7gw",,,Solarbe索比光伏网,2017/5/11,2017,www.sohu.com,搜狐,521,0,0,,zh,法国,,,
4dc92a051d06e09ab08c64141883c0c7,德媒：马克龙莫迪国际太阳能联盟首次峰会上力促“太阳能革命”,https://baijiahao.baidu.com/s?id=1594790048798670733&wfr=spider&for=pc,,,,参考消息,2018/3/13,2018,baijiahao.baidu.com,百家号,,0,,,zh,法国,,,
1ac76ec100a8ba4b7583a3944f6a26fc,法国总统马克龙吁加速落实《巴黎协定》,http://www.china-nengyuan.com/news/118160.html,,在《巴黎协定》签署两周年之际，由法国、联合国和世界银行共同主办的一个星球气候行动融资峰会12月12日在巴黎举行，60多位国家元首和政府首脑以及来自国际组织、非政... 关键字：法国总统 马克龙 气候变化。,,新能源资讯,2010/1/1,2010,blog.sina.com.cn,新浪博客,,,,,zh,法国,,,text_1ac76ec100a8ba4b7583a3944f6a26fc
9befc5ad3f61571d203c98af1e58de66,马克龙向“黄背心”妥协，新能源汽车 “上位”不可操之过急,https://www.sohu.com/a/281020307_100098859,汽车  新能源  通用  ,2015年，《巴黎气候协定》对各国温室气体零排放提出指标，传统燃油汽车产生大量的废气污染，各国政府通过制定一系列战略规划、技术研发、市场监管等政策推进汽车低碳化进程，扶持新能源汽车产业的发展。无论是爆发民众冲…,,e号研究院,2018/12/11,2018,www.sohu.com,搜狐,1319,0,,,zh,法国,,,
0e730d4aa03d21d13bb17ba4638bca89,法国投资40亿欧元支持电动车发展 2030年生产200万辆新能源车,https://www.163.com/dy/article/GM7RG04V05506X1Y.html,"法国,电动汽车,新能源车,汽车,马克龙",法国投资40亿欧元支持电动车发展 2030年生产200万辆新能源车，法国，电动汽车，新能源车，汽车，马克龙,网易,易车,2021/10/14,2021,www.163.com,网易,,20,,,zh,法国,,电动汽车|马克龙,
05b8e21a429e52edff9622f578c6962f,「汽车人」马克龙加注新能源，中国新势力在法难落脚,http://baijiahao.baidu.com/s?id=1713845855355289657&wfr=spider&for=pc,,,,汽车人杂志,2021/10/17,2021,baijiahao.baidu.com,百家号,,1,,,zh,法国,,,
5a3d95ed386bc0e1fb4073656d188723,法国总统下周访华 碳排放领域望达共识,https://www.sohu.com/a/37970066_119556,"法国,总统,下周,访华,排放,放领,领域,共识",,,同花顺,2015/10/27,2015,www.sohu.com,搜狐,18,0,0,,zh,法国,,,
3c11b5917f55c61f14e070971bafd54f,特别关注｜马克龙表示法国应对气候变化做得很少！,https://www.sohu.com/a/279905256_120044846,"马克龙,环境,抗议,国家,问题,活动,措施,政策,人们,暴乱",这场暴乱不仅让法国发生了重大安全问题，也让马克龙陷入了困境，这或许也是国家领导人共同面临的问题，即如何推出有利于环境的长期政策，同时又不会给公民带来额外的成本？但在法国却是另一种情况，因为产生的大部分收…,,环球汽车周刊,2018/12/6,2018,www.sohu.com,搜狐,176,0,0,,zh,法国,,,
1205b1c9dd82f6629082397aced8f4eb,碳中和，全球在行动：法国争当国际舞台“生态先锋”,http://baijiahao.baidu.com/s?id=1688188349515559995&wfr=spider&for=pc,,,,参考消息,2021/1/7,2021,baijiahao.baidu.com,百家号,,0,,,zh,法国,,,
e76ad47d335c4f4bf0e2165692226fec,马克龙宣布，重启法国新建核电！,http://baijiahao.baidu.com/s?id=1716134718002596234&wfr=spider&for=pc,,,,北晚在线,2021/11/11,2021,baijiahao.baidu.com,百家号,,1,,,zh,法国,,,
7a11bac9ebb13cbcad0405e81371e8d1,能源区块链与双碳战略研究｜G20气候声明缺乏具体承诺，COP26峰会任务艰巨,https://www.163.com/dy/article/GNUM9AUS05509P99.html,"气候,联合国,cop,德拉吉,首脑",能源区块链与双碳战略研究｜G20气候声明缺乏具体承诺，COP26峰会任务艰巨，气候，联合国，cop，德拉吉，首脑,网易,全国能源信息平台,2021/11/4,2021,www.163.com,网易,,0,,,zh,法国,,联合国|cop|德拉吉|首脑,
2498d0bb56a58c270ff33a9c0f08914d,【维?聚焦】马克龙喊话“碳排放大国”快作出承诺！但法国自己承诺的减排目标能完成吗？,https://www.163.com/dy/article/GNRIMOPM0514BTOD_pdya11y.html,网易,网易,网易,,2021/11/3,2021,www.163.com,网易,,,,,zh,法国,,,
214f0321118905c607996128e5e23e85,马克龙喊话“碳排放大国”快作出承诺！但法国自己承诺的减排目标能完成吗？,http://baijiahao.baidu.com/s?id=1715312884637277918&wfr=spider&for=pc,,,,欧洲时报官方,2021/11/2,2021,baijiahao.baidu.com,百家号,,10,,,zh,法国,,,
01aa398fda832f9569cd6243b501e13f,欧洲面临能源危机 马克龙一改对核电态度,http://news.10jqka.com.cn/20211013/c633299811.shtml,,10月12日，法国总统马克龙在欧洲能源危机期间一改对核电的态度，提出到2030年投资10亿欧元建造能更好处理核废物的小型核反应堆。近期欧洲天然气、煤与碳价一路狂奔，多国电力价格居高不下、工业生产受阻。超七成电力来自核能的法国受福岛核电站,新京报,,2021/10/13,2021,10jqka.com.cn,同花顺财经,,0,505,,zh,法国,,,
eaa2edbbd3dd26dde9ef1e5be7ecf0cc,法国总统马克龙公布40亿欧元电动车计划 - 车质网移动版,http://www.12365auto.com/news/20211014/464266.shtml,"法国总统,马克龙,公布,欧元,电动车,计划,电动车计划",据外媒报道，10月12日，法国总统马克龙公布了一项300亿欧元(约350亿美元)的工业复兴计划，其中有40亿欧元将用于交通部门来支持电动汽车和其他领域的发展。法国作为欧盟第二大经济体，多年来一直面临工业衰退的难题，法国此举则是为了扭转这个局面。,盖世汽车,,2021/10/14,2021,12365auto.com,车质网,,0,,,zh,法国,,,
ba861062906f0db1f36de581ec7f48b2,马克龙：法国计划重启境内的核反应堆建设,http://baijiahao.baidu.com/s?id=1715993597211037144&wfr=spider&for=pc,,,新华网,,2021/11/10,2021,baidu.com,百家号,,,,,zh,法国,,,
174f10661ec04ec6fb5a91e75313315f,这位中国企业家，两度会见马克龙,http://baijiahao.baidu.com/s?id=1703914171304254580&wfr=spider&for=pc,,,观察者网,,2021/6/29,2021,baidu.com,百家号,,,,,zh,法国,,,
f32c17f2751766087550f358f7ec44aa,减碳出行 法国禁飞短途航班争议大,https://www.bbtnews.com.cn/2021/0413/392596.shtml,北京商报 法国 航班 出行 争议,刚获得欧盟40亿欧元支持、复苏有望的法国航空业，又遭遇“当头一棒”。,北京商报,,2017/12/20,2017,bbtnews.com.cn,北京商报网,,,,,zh,法国,,,
67d671fce9ea208b952a93e1f249b5e2,马克龙出席远景科技集团与法国雷诺的战略合作,https://tech.china.com/article/20210712/072021_824338.html,"产业资讯,科技动态,IT业界,通信,互联网,家电,数字生活,IT幽默,IPTV,3G,WEB2.0,IT人物,曝光台,科普,科学探索,科技新品,奇趣异事,手机,数码相机,MP3,笔记本,奇趣硬件",近日，远景科技集团旗下远景动力与法国雷诺集团达成全面战略合作，雷诺向远景动力提供5年40GWh至120GWh动力电池订单。远景将发挥其领先产品...,财讯网,,2021/7/12,2021,china.com,中华网,,,,,zh,法国,,,
7ac77ec3fbbb70752fc0375a4e1aac52,马克龙发表演讲谈欧洲重建计划 称欧洲已别无选择-中新网,https://www.chinanews.com/gj/2017/09-27/8341364.shtml,欧洲，索邦，演讲，马克龙，重建,,中国新闻网,,2017/9/27,2017,chinanews.com,中国新闻网,,,,,zh,法国,,,
21d426af1badc9711761a1b03be1f847,【英媒头条】Aukus惹怒法国后拜登急灭火 约翰逊却称马克龙应“自我克制”、天然气价格飙涨英国正为“最坏情况”最准备,http://gold.cnfol.com/caijingyaowen/20210923/29160933.shtml,美元,周四 9月23日 英国主要媒体分别聚焦英美两国在与澳大利亚的新安全协议遭到法国抗议后 做出的回应 英国官员称政府正在为天然气飙升的最坏情况做准备 约翰逊呼吁 11月的气候峰会必须成为 人类的转折点 《BBC》报导 美国总统拜登和法国总统马克龙周三进行了半小,FX168,,2021/9/23,2021,cnfol.com,黄金网,,0,1,,zh,法国,,,
2697e35510f0cfeded57850926a4a813,法国总统马克龙：到2030年，法国必须成为“绿色氢能”的领导者。-金投快讯-金投网(手机金投网 m.cngold.org),http://kuaixun.cngold.org/c/2021-10-12/c1439909.html,,法国总统马克龙：到2030年，法国必须成为“绿色氢能”的领导者。,金投网,,2021/10/12,2021,cngold.org,金投网,3829,0,10,,zh,法国,,,
5c1e1e5523047e5acb86637de93aae3b,法国总统马克龙当地时间周二宣布，该国将重启新的核电项目建设，以更好应对日益增长的能源和环境挑战-金投外汇网-金投网(手机金投网 m.cngold.org),http://forex.cngold.org/fxb/c5631237.htm,,法国总统马克龙当地时间周二宣布，该国将重启新的核电项目建设，以更好应对日益增长的能源和环境挑战,汇通网,,2021/11/11,2021,cngold.org,金投网,1263,0,,,zh,法国,,,
4cdb6c58e8e3ccf83afe89fd6a20b56f,据英国广播公司（BBC）：英国首相约翰逊昨日与德国总理默克尔、法国总统马克龙谈及疫苗问题-金投外汇网-金投网(手机金投网 m.cngold.org),http://forex.cngold.org/fxb/c5510971.htm,,据英国广播公司（BBC）：英国首相约翰逊昨日与德国总理默克尔、法国总统马克龙谈及疫苗问题,汇通网,,2021/3/22,2021,cngold.org,金投网,371,0,,,zh,法国,,,
2cf56a0dd611f635d4dbea324a3a3ca4,法国总统马克龙：欧洲的首要任务是完成能源转型，天然气是这一战略的一部分-金投外汇网-金投网(手机金投网 m.cngold.org),http://forex.cngold.org/fxb/c5485465.htm,,法国总统马克龙：欧洲的首要任务是完成能源转型，天然气是这一战略的一部分,汇通网,,2021/2/5,2021,cngold.org,金投网,0,0,,,zh,法国,,,
97dbe6bab7d08ffdc1c714d5eb7a9781,法国总统马克龙：如果我们不为碳定价，就不会有过渡-金投外汇网-金投网(手机金投网 m.cngold.org),http://forex.cngold.org/fxb/c5530349.htm,,法国总统马克龙：如果我们不为碳定价，就不会有过渡,汇通网,,2021/4/22,2021,cngold.org,金投网,8293,0,,,zh,法国,,,
e986a733c42a59c2f0e2a52d6030f831,“法国2030投资计划”助力木材行业实现碳中和,https://www.cnzhengmu.com/news/hangye/117465.html,"法国,投资计划,木材行业,碳中和",综合法国森林专业组织及ACPresse等媒体近日消息，法国总统马克龙于日前正式公布了一项总投资额300亿欧元的“法国2030投资计划”，旨在重振法国工业，推动生态转型及科技创新，致力于到2030年将温室气体排放量在2015年的基础上减少35%。,木业网,,2022/1/21,2022,cnzhengmu.com,整木网,1299,,,,zh,法国,,,
57fe3bb92a68b4e64db0540f0915aeb0,马克龙支持清洁能源政策 到2022年法国太阳能装机或达7GW - CSPPLAZA光热发电网-太阳能热发电行业权威媒体商务平台！,http://www.cspplaza.com/article-9596-1.html,"CSPPLAZA,光热发电,太阳能热发电,槽式光热发电,塔式热发电,碟式光热发电,菲涅尔,太阳能,熔盐储能,光热电站,反光镜,定日镜",CSPPLAZA光热发电网立足于专业的太阳能光热发电产业领域，致力于为光热发电产业的发展搭建权威的公共交流平台，推进光热发电、即太阳能热发电产业链上下游厂商之间的沟通合作，加强国内外的信息与技术层面的交流与合作，推动中国太阳能光热发电的产业化进程！,中国能源报,,2022/2/18,2022,cspplaza.com,cspplaza,3048,0,,,zh,法国,,,
a531aa00368179d470e508545dbf88e0,法国财长上调2021年GDP预测至6.25% 原为预估增长6%；法国财政部长Bruno Le Maire将2021年GDP增长率预估上调至6.25%，原先预估为增长6%。Le Maire周一在国民议会中表示，经济增长强劲、稳健、充满活力，因此我们将修改我们的预测。法国经济活动将于12月恢复至危机前水平。法国政府维持对2021年和2022年通胀率在1.5%的预估。政府将提交2022年的预算修正案，其中将纳入明年支出的考量。明年的支出将是法国总统马克龙周二将宣布的长期投资计划的一部分。投资计划将提高法国在核能、生物科技和航天领域的独立性马克龙的计划还包括创造新领域，包括氢能在内,https://www.gold678.com/C/202110112302012311,"资讯,现货黄金,国际金融,财经资讯",,,,2020/8/13,2020,gold678.com,汇金网,,,,,zh,法国,,,
939875fa1221440ff37a19f92858f61b,《欧洲大陆》长篇专访：与法国总统对话！马克龙主义的归纳总结！,https://user.guancha.cn/main/content?id=415481,观察者网，观察者，观察者网社区，观察者社区，风闻，风闻社区，热门评论,观察者网风闻社区，热辣时事，专家点评，网友评论，尽在掌握,"La doctrine Macron : une conversation avec le Président fran?ais, Le Grand Continent",,2020/11/20,2020,guancha.cn,观察者网,,0,0,,zh,法国,,,
1cfd778165dd1c1aea83aa05a3c3af76,法国巴黎：施瓦辛格骑自行车赴会场 身体力行倡导绿色出行,https://world.huanqiu.com/gallery/9CaKrnQhIfF,"法国巴黎,施瓦辛格,骑自行车,赶往会场,身体力行",当地时间2017年12月11日，法国年巴黎，R20国际区域气候行动组织创立主席、美国加州前州长阿诺德-施瓦辛格骑自行车现身巴黎街头。,东方IC,,2017/12/12,2017,huanqiu.com,环球网,,,,,zh,法国,,,
3fe6f0aa1dc7cda638474c3c7268325d,【法国：计划重启境内的核反应堆建设】法国总统马克龙11月9日就法国能源供给和新冠疫情防控等问题发表电视讲话，表示法国计划重启境内的核反应堆建设。马克龙说，为了确保能源独立性并履行减排承诺，法国几十年来将首次在境内重新开始核反应堆建设，同时继续开发可再生能源。在法国能源结构中，核电占据较大比重，全国发电量中大约七成由核电提供。近期，供应紧张、需求攀升、库存不足等因素叠加，导致包括法国在内的许多欧洲国家能源价格不断上涨。（新华社） - 环球财经杂志官网,http://www.huanqiucaijing.cn/timeline/79654.html,,【法国：计划重启境内的核反应堆建设】法国总统马克龙11月9日就法国能源供给和新冠疫情防控等问题发表电视讲话，表示法国计划重启境内的核反应堆建设。马克龙说，为了确保能源独立性并履行减排承诺，法国几十年来将首次在境内重新开始核反应堆建设，同时继续开发可再生能源。在法国能源结构中，核电占据较大比重，全国发电量中大约七成由核电提供。近期，供应紧张、需求攀升、库存不足等因素叠加，导致包括法国在内的许多欧洲国...,新华社,,2021/11/10,2021,huanqiucaijing.cn,环球财经,,,,,zh,法国,,,
9ff9e7c29ed0b66d6d948967abeeacbd,为减少碳排放 法国禁飞国内短途航班,http://www.jingyu100.com/o/04134J262021.html,"减少,排放,法国,禁飞,国内,短途,航班",为减少碳排放 法国禁飞国内短途航班：为减少碳排放，法国国民议会投票通过一项议案，决定暂停可在2.5小时内乘火车到达目的地的国内短途航班。据英国《卫报》12日报道，该,,,2021/4/13,2021,jingyu100.com,鲸鱼物流网,,0,,,zh,法国,,,
13e6e0935ccd9e22371ee1e495dd841c,法国总统马克龙宣布电动汽车电池计划 未来5年内投资7亿欧元【钜大锂电】,http://www.juda.cn/news/122180.html,"法国,总统,马克龙,克龙,宣布,电动汽车,电池,计划,未来,",法国总统伊曼纽尔·马克龙( Emmanuel Macron)周三表示，法国将在未来五年内投资7亿欧元(约7.9亿美元)用于推动欧洲电动汽车电池行业项目，此举旨在减少欧洲汽车制造商对亚洲竞争对手的依赖。,,,2019/3/12,2019,juda.cn,钜大LARGE,473,,,,zh,法国,,,
51245b621a0145f3f2ce1c28fa413475,马克龙公布法德电动汽车电池产业振兴计划,http://www.mofcom.gov.cn/article/i/jyjl/m/201902/20190202837286.shtml,",,马克龙公布法德电动汽车电池产业振兴计划,中华人民共和国商务部网站,,",中华人民共和国商务部网站,驻欧盟使团经商参处,,2019/2/18,2019,mofcom.gov.cn,中华人民共和国商务部,,,,,zh,法国,,,
bb44b4e6695ff03a76078c2f69baf436,法国总统马克龙宣布电动汽车电池计划，未来 5 年内投资 7 亿欧元 -ZAKER新闻,http://www.myzaker.com/article/5c64d79477ac64474746dfe2,电动汽车，马克龙，法国总统，投资，供应商，ZAKER，新闻，资讯，直播，视频，美图，社区，本地，热点,法国总统伊曼纽尔 · 马克龙 ( Emmanuel Macron ) 周三表示，法国将在未来五年内投资 7 亿欧元 ( 约 7.9 亿美元 ) 用于推动欧洲电动汽车电池行业项目，此举旨在减少欧洲汽车——ZAKER，个性化推荐热门新闻，本地权威媒体资讯,,,2019/2/14,2019,myzaker.com,前瞻网,,0,,,zh,法国,,,
cb89f7a4aa8425feede370168edc7092,法国总统马克龙：2035年前关14座核电厂 - 能源界,http://www.nengyuanjie.net/article/21150.html,"法国,核电,太阳能发电",马克龙当天通过电视发表能源政策演说时指出，到2030年，将有四至六个核反应炉退役。到2035年，法国的核能发电占比将由目前的75%降至50%。不过，他强调，法国不会完全放弃核电，,,,2018/11/28,2018,nengyuanjie.net,能源界,1527,,12,,zh,法国,,,
c2806c578cfc69139a5ef3ba5368e4cb,杨驿昉:马克龙当选有助能源与气候变化,http://www.p5w.net/news/xwpl/201705/t20170522_1807722.htm,杨驿昉:马克龙当选有助能源与气候变化;马克龙,,第一财经日报,,2022/2/5,2022,p5w.net,全景,,,,,zh,法国,,,
0c4fb68c892e17965115bcfb5751a4a7,法国总统宣布清洁能源计划 2035年前关闭14座核反应堆-千龙网·中国首都网,http://tv.qianlong.com/2018/1129/2971704.shtml,清洁能源 法国 总统 年前,法国总统宣布清洁能源计划 2035年前关闭14座核反应堆,北京电视台,,2018/11/29,2018,qianlong.com,千龙网,,,,,zh,法国,,,
1652491c62c749d715d5d5686d3fdbf8,德国总理朔尔茨：与法国总统马克龙讨论了能源战略，德国希望专注于扩大可再生能源。|法国,https://xw.qq.com/cmsid/20211217A017XY00,"法国_时政,朔尔茨,德国_时政,马克龙,德国总理朔尔茨：与法国总统马克龙讨论了能源战略",德国总理朔尔茨：与法国总统马克龙讨论了能源战略，德国希望专注于扩大可再生能源。，德国总理朔尔茨：与法国总统马克龙讨论了能源战略，德国希望专注于扩大可再生能源。,,,2021/12/17,2021,qq.com,腾讯新闻,,,,,zh,法国,,,
355d00ae40070ecd87c7303ba12b4dbb,法国称要通过建造新核反应堆来实现2050年碳中和目标|法国,https://xw.qq.com/cmsid/20211111A069WK00?pgv_ref=baidutw,"法国_时政,碳中和,马克龙,欧洲_时政,法国称要通过建造新核反应堆来实现2050年碳中和目标",法国称要通过建造新核反应堆来实现2050年碳中和目标，法国已经做出要通过建造更多核反应堆的方法以在2050年实现碳中和的承诺。法国总统马克龙于当地时间周二在全国范围的讲话中宣布了这一消息，另外他还表示，这也将帮助法国实现“能源独立”。跟许多正在远离核电……,,,2021/11/11,2021,qq.com,腾讯新闻,,,,,zh,法国,,,
cd4045c5544a754842242377de6ef270,马克龙：全世界共同努力应对气候变化 必须在2050实现碳中和,https://v.qq.com/x/cover/mzc00200f87mhvw/x30001xfbx1.html,"埃马纽埃尔·马克龙,watchthis字幕组+未来网新闻+美国+严肃新闻+全球变暖+时政人物类,新闻",0924网罗天下: 马克龙：全世界共同努力应对气候变化 必须在2050实现碳中和,,,2019/9/24,2019,qq.com,腾讯新闻,,,,,zh,法国,,,
b74783de3bf1b6d53e0f19690d963dc7,马克龙承诺提高科研经费促进创新—新闻—科学网,https://news.sciencenet.cn/htmlnews/2017/5/376062.shtm,"法国，马克龙，科研，创新,[mynews.keys]",,科学网,,2017/5/1,2017,sciencenet.cn,科学网,,0,,,zh,法国,,,
526f14eb03ced120ac5d967ebf590da0,法国重申复兴核能后，本土唯一在建核电站再次宣布超支延期|法国|核电站|马克龙,http://k.sina.com.cn/article_5044281310_12ca99fde02001qsee.html,"法国,核电站,马克龙,法国,核电站,马克龙",法国重申复兴核能后，本土唯一在建核电站再次宣布超支延期,新浪网,澎湃新闻,2022/1/18,2022,sina.cn,新浪,,0,,,zh,法国,,,
96c564571035a81558afdb4c916abae0,有大事发生？气候峰会上，普京突然抢话马克龙，美国急忙道歉|碳排放|马克龙|普京,http://k.sina.com.cn/article_3173692767_bd2ab55f001012i22.html,"碳排放,马克龙,普京,道歉,气候峰会,碳排放,马克龙,普京,道歉,气候峰会",有大事发生？气候峰会上，普京突然抢话马克龙，美国急忙道歉,新浪网,诸葛小彻,2021/4/30,2021,sina.cn,新浪,,0,,,zh,法国,,,
f193444a03b7b03bb63a8ac66d53405e,为减少碳排放，法国禁飞国内短途航班|马克龙|国民议会|法国,http://k.sina.com.cn/article_1686546714_6486a91a02001depq.html,"马克龙,国民议会,法国,环球时报,马克龙,国民议会,法国,环球时报",为减少碳排放，法国禁飞国内短途航班,新浪网,环球网,2021/4/13,2021,sina.cn,新浪,,0,,,zh,法国,,,
8b8298759c97dafc5546c2aa86c3b0f0,印度和法国表示将加强在可再生能源方面合作|可再生能源|印度|马克龙,https://news.sina.com.cn/w/2018-03-12/doc-ifysewst3705599.shtml,"可再生能源,印度,马克龙,可再生能源,印度,马克龙",印度和法国表示将加强在可再生能源方面合作,新华网,,2018/3/12,2018,sina.com.cn,新浪,,0,,,zh,法国,,,
8414813aece3a16c429fc322642d8bbe,俄媒：普京与马克龙通话 批波兰对难民“冷酷无情”|普京|白俄罗斯|马克龙,http://mil.news.sina.com.cn/2021-11-17/doc-iktzscyy5996690.shtml,"普京,白俄罗斯,马克龙",,参考消息,,2021/11/17,2021,sina.com.cn,新浪,,0,,,zh,法国,,,
9d671495e4b636d7207679426c27754a,马克龙宣布300亿欧元拯救法国工业计划，氢能和核能成重点|法国|马克龙|核反应堆,http://mil.news.sina.com.cn/2021-10-12/doc-iktzqtyu1056009.shtml,"法国,马克龙,核反应堆",,澎湃新闻,,2021/10/12,2021,sina.com.cn,新浪,,0,,,zh,法国,,,
809475e3470e683cb43d840d948a6358,马克龙宣布法国将建新一代核航母 排水量可达7万吨|法国|核动力航母|戴高乐,http://mil.news.sina.com.cn/2020-12-09/doc-iiznezxs5944267.shtml,"法国,核动力航母,戴高乐",,中国新闻网,,2020/12/9,2020,sina.com.cn,新浪,,0,,,zh,法国,,,
5a17c4e9c190d55dd2c80b8e4e45b0ab,法国总统在印度访问期间重申对遏制气候变化承诺|气候变化|马克龙|法国总统,http://mil.news.sina.com.cn/2018-03-12/doc-ifysewha5651027.shtml,"气候变化,马克龙,法国总统",【环球网综合报道】据印度《经济时报》3月11日报道，“国际太阳能联盟”的成立大会在新德里举行，印度总理纳伦德拉?莫迪和正在印度访问的法国总统埃玛纽埃尔?马克龙共同出席，并重申将在减缓全球变暖方面发挥领头作用。据媒体此前报道，“国际太阳能联盟,环球网,,2018/3/12,2018,sina.com.cn,新浪,,0,,,zh,法国,,,
ffb53086336ba99a9127efb611e59544,新领导人选与“碳中和”之争困扰欧盟|欧盟|马克龙,http://mil.news.sina.com.cn/2019-06-23/doc-ihytcitk7047079.shtml,"欧盟,马克龙",新华社布鲁塞尔6月22日电（国际观察）新领导人选与“碳中和”之争困扰欧盟新华社记者王子辰欧盟夏季峰会20日至21日在比利时布鲁塞尔举行。欧盟成员国除在英国“脱欧”问题上重申不与英国重新谈判的统一立场之外，在下届欧盟机构领导人选、“碳中和”等,新华网,,2019/6/23,2019,sina.com.cn,新浪,,0,,,zh,法国,,,
4da1953c3927804637d51df2a5de3acd,马克龙：法国将建造新一代核动力航母,http://www.takungpao.com/news/232111/2020/1209/529915.html,大公網,法国总统马克龙当地时间8日宣布，法国将建造新一代核动力航空母舰，并将于2038年取代“戴高乐”号核动力航母。,大公文汇全媒体,,2020/12/9,2020,takungpao.com,大公网,,0,,,zh,法国,,,
2438b7671e9dcbc489014692cc1bc425,法国总统马克龙：欧盟必须寻求在碳排放和数字领域扩大征税,http://www.tanpaifang.com/tanguwen/2019/1019/65912.html,"法国,总统,马克龙,马,克龙,欧盟,必须,寻求,在,",法国总统马克龙：欧盟必须寻求在碳排放和数字领域扩大征税。在欧盟得到改革前，我们不能进行扩大，在这一点上本人不会让步。,,碳交易网,2019/10/19,2019,tanpaifang.com,碳排放交易,,,,,zh,法国,,,
4654a145ccc7343de16be474cc643cba,马克龙当选法国新一任总统，扒一扒法国与碳市场的几个关键词,http://www.tanpaifang.com/tanguwen/2017/0508/59293.html,"马克龙,马,克龙,当选,法国,新一任,新,一任,",法国大选第二轮决战结果揭晓：法国前经济部长、“前进”运动候选人埃马纽埃尔·马克龙在2017年法国总统选举第二轮投票中获得超过65％的选票，当选新一任法国总统。,ideacarbon,,2017/5/8,2017,tanpaifang.com,碳排放交易,,,,,zh,法国,,,
6ccaf1d27e4fb1ebf1b9334fe97b1394,习近平同法国总统马克龙通电话-新华网,http://www.xinhuanet.com/politics/2020-01/22/c_1125495036.htm,"中方,习近平,关系,马克龙,问题",习近平同法国总统马克龙通电话-新华网,新华网,,2020/1/22,2020,xinhuanet.com,新华网,,,,,zh,法国,,,
d66e918ff4e9aa489f8de4ea6b85a8b6,300亿欧元：马克龙的绿色大计划,http://www.xinhuanet.com/globe/2022-01/04/c_1310396442.htm,,,《环球》杂志,,2022/1/4,2022,xinhuanet.com,新华网,,0,,,zh,法国,,,
16d24f0889e5567bec963e8e5ac74edf,马克龙访华经贸缺大单？空客、核电、牛肉一样都没少,https://www.yicai.com/news/5391042.html,"阿海珐,马克龙,空客,乏燃料,中核",第一财经记者梳理此次马克龙访华的成绩单发现，不仅在航天航空、核能核电中法合作的传统领域，在电商、农业等新领域，中法合作全面开花。,,,2020/2/1,2020,yicai.com,第一财经,,,199,,zh,法国,,,
9c32bd5c9f481e7249b8ffd23bd3c650,马克龙为什么这么认真地学这句中文,http://ex-rss.yicai.com/ex/ydzx/news/5391161.html,"马克龙,巴黎协定,绿色债券",因为只有抱住中国才能成功啊。,,,2018/1/11,2018,yicai.com,第一财经,,,,,zh,法国,,,
