fileId,orgin_fileId,title,url,keywords,description,source,author,date,year,domainName,websiteName,views,comments,likes,forwardings,language,area,title_in_article,news_category
text_a55c555e040b5e0c46a20e25f0266557.txt,a55c555e040b5e0c46a20e25f0266557,英国颁布“绿色工业革命”10点计划，包括核能、氢能、CCS、热泵,https://www.in-en.com/article/html/energy-2298112.shtml,"海上风力发电,核电技术,电动汽车",英国颁布“绿色工业革命”10点计划，包括核能、氢能、CCS、热泵英国首相鲍里斯·约翰逊日前颁布英国“绿色工业革命”计划，包括以下10点具体内容：——到2030年将海上风力发电量翻两番，达到40GW，足以为每个英国家庭提供电力。——推动氢气生产，在2030年前国际能源要闻 能源要闻 国际能源网-能源资讯中心国际能源要闻栏目提供最新最全的国际能源要闻资讯信息，涵盖国际能源要闻动态信息、国际能源要闻研究，国际能源要闻分析国际能源要闻新闻资讯等信息。能源资讯,国际能源小数据,,2020/11/20,2020,www.in-en.com,国际能源网,,0.0,,,zh,英国,,
text_9bc513c85fcfdc269e8f6af9c4a8d389.txt,9bc513c85fcfdc269e8f6af9c4a8d389,英国将海上风电视为绿色复苏核心,http://dy.163.com/article/FRJ5HJ7E05509P99.html,"风电,风能,英国,绿色,能源",英国将海上风电视为绿色复苏核心，风电，风能，英国，绿色，能源,网易,全国能源信息平台,2020/11/16,2020,www.163.com,网易,,3.0,,,zh,英国,,风能|能源
text_5dae27d8cb97a82b3bfeefcaca451391.txt,5dae27d8cb97a82b3bfeefcaca451391,英国上线碳交易市场引争议,http://finance.sina.com.cn/money/future/nyzx/2021-06-11/doc-ikqcfnca0395641.shtml,英国上线碳交易市场引争议,原标题：英国上线碳交易市场引争议来源：中国石化报,,中国石化新闻网,2021/6/11,2021,finance.sina.com.cn,新浪财经,,,,,zh,英国,,
text_5f4ed341fbfb19bcceeefe2313728295.txt,5f4ed341fbfb19bcceeefe2313728295,经验不足、前期配额或供过于求 英国碳交易市场“上线”争议不断,http://baijiahao.baidu.com/s?id=1700821829058963474&wfr=spider&for=pc,,,,全国能源信息平台,2021/5/26,2021,baijiahao.baidu.com,百家号,,0.0,,,zh,英国,,
text_234dc33fa0cb959d79c3139d856c7335.txt,234dc33fa0cb959d79c3139d856c7335,英国“蓝色”氢气计划因碳足迹高遭受重击,https://www.sohu.com/a/484688368_158724,"排放,计划,技术,蓝色,生产,科学论文,天然气,甲烷,罗伯特·霍沃斯,氢气,蓝色,天然气,甲烷,霍沃斯,氢气",科学家们认为，以“蓝色”氢气作为家庭供暖燃料一直被吹捧为一种十分环保的方式，但其实它对于气候的影响比长期使用天然气还要大。 原因是在天然气的生产过程中，如果发生管道泄漏，或是为了防止爆炸，人们会故意把天然…,,石油商报,2021/8/20,2021,www.sohu.com,搜狐,5.0,0.0,0.0,,zh,英国,,
text_20d51206a3fce294f0db8a69f5a67d7a.txt,20d51206a3fce294f0db8a69f5a67d7a,英国突发能源危机！9家能源公司破产，燃气费大涨！152所英国大学计划罢工...,https://new.qq.com/omn/20210923/20210923A0B48S00.html,"英国突发能源危机！9家能源公司破产，燃气费大涨！152所英国大学计划罢工...,",9月23日英国时事和疫情日更重点有：英国面临能源危机：9家能源公司破产，燃气费大涨，超百万家庭将受影响英国10月中旬取消已打疫苗旅客的核酸PCR检测要求访美有成效：鲍里斯称美国将取消英国羊肉禁令英国疫苗有富余，未来几周会给韩国送去100万剂辉瑞牛津疫苗研发人员：新冠病毒致病性会变弱，最终像流感一样152所英国大学...,,,2021/9/23,2021,new.qq.com,腾讯网,,,,,zh,英国,,
text_fe796a2eaca1bb14fdc26efad46a5b04.txt,fe796a2eaca1bb14fdc26efad46a5b04,每经17点丨外交部：当前对新冠病毒起源下确定性结论为时尚早；工行：明日9点起暂停原油、天然气等产品的开仓交易,https://www.sohu.com/a/391586018_115362,"交易,鲍里斯·约翰逊,新闻,原油,病毒,起源,确定性,天然气,暂停,结论",据央视新闻，针对当前备受关注的新冠病毒的溯源问题，中国外交部发言人耿爽在今日（27日）的例行记者会上答记者问时表示，国际上的初步研究结论，尚不能明确新冠病毒的初始传播路径。 据央视新闻，俄罗斯新冠肺…,,每日经济新闻,2020/4/27,2020,www.sohu.com,搜狐,285.0,0.0,0.0,,zh,英国,,
text_b4edd21fa23dee7f6956330b3b71c4c9.txt,b4edd21fa23dee7f6956330b3b71c4c9,【重点关注】脱欧两个月，英国减排瞄准哪里？,https://www.sohu.com/a/385538650_820355,"脱欧,英国,瞄准,能源,海上,浮式,领域,电力,目标,欧盟",能源研究专家Simon Evans认为，“在碳价体系制定完善、煤电退出、防污染法规出台以及可再生能源快速发展的多重因素下，在过去的10年里，英国电力领域减排效果明显，成为碳减排的主要力量。” 从目前情况来…,,北京环境交易所,2020/4/3,2020,www.sohu.com,搜狐,24.0,0.0,0.0,,zh,英国,,
text_ecf0a681e3136e7a2578d2f25e0d6d70.txt,ecf0a681e3136e7a2578d2f25e0d6d70,英国未来清洁能源缺口巨大 净零目标短期难以实现,https://www.in-en.com/article/html/energy-2299379.shtml,"英国清洁能源发电,清洁能源发电量,核电项目",英国未来清洁能源缺口巨大 净零目标短期难以实现2020年12月14日，英国政府正式发布能源白皮书——《推动零碳未来》。白皮书指出，要实现碳排放净零目标，英国清洁能源发电量需要比当前增加四倍。英国未来清洁能源缺口巨大 净零目标短期难以实国际能源要闻 能源要闻 国际能源网-能源资讯中心国际能源要闻栏目提供最新最全的国际能源要闻资讯信息，涵盖国际能源要闻动态信息、国际能源要闻研究，国际能源要闻分析国际能源要闻新闻资讯等信息。能源资讯,中国能源研究会核能专委会,,2020/12/21,2020,www.in-en.com,国际能源网,,0.0,,,zh,英国,,
text_9730075286af145ece95ccf05113b6dc.txt,9730075286af145ece95ccf05113b6dc,英国推出期待已久的氢能战略,https://www.sohu.com/a/483918366_121175516,"方法,战略,技术,能源,建设,天然气,英国,生产的,支持,氢气,战略,天然气,氢气",这项新战略比之前预计的晚了几周发布，它概述了一种“双轨”方法，既支持使用可再生能源分解水分子产生的零碳绿色氢，也支持天然气在不完全无碳的过程中通过碳捕获和储存产生蓝色氢。在净零氢基金、氢气生产收入支持计…,,智慧能源之窗,2021/8/17,2021,www.sohu.com,搜狐,238.0,0.0,0.0,,zh,英国,,
text_ac7ce3704cf5f2bfc5cfcae29bcd1f6d.txt,ac7ce3704cf5f2bfc5cfcae29bcd1f6d,英国披露氢能网络计划，将建成全球首个100%氢气供应管道网络,https://zhuanlan.zhihu.com/p/351892640,"绿能（清洁能源）,能源",文章来源：氢促汇 原标题：英国披露氢能网络计划，将建成全球首个100%氢气供应管道网络 1月21日，英国首相鲍里斯?约翰逊（Boris Johnson）宣布，作为该国“绿色工业革命十点计划（The 10point plan for a green i…,,ISH供热展,2021/2/21,2021,zhuanlan.zhihu,知乎专栏,,0.0,1.0,,zh,英国,,
text_3cce23f69bd6cf21ae216e88d843816a.txt,3cce23f69bd6cf21ae216e88d843816a,英国首个氢能战略：计划2030年氢经济价值达9亿英镑,https://www.sohu.com/a/484290284_120546217,"经济,计划,战略,生产能力,运输,供热,天然气,英国,工业,应用,航运,天然气,英国,集群,氢气",关键行动与里程碑：2025年拥有1吉瓦的生产能力；2025年至少2个CCUS集群；2025年乡村供热试验；2026年启动氢气供热；21世纪20年代中期启动燃料电池重卡项目 氢的应用方面：在2021年…,,北京氢能展,2021/8/19,2021,www.sohu.com,搜狐,1382.0,0.0,0.0,,zh,英国,,
text_f0eb18b7a1c44fb4b700a8c8d117eb11.txt,f0eb18b7a1c44fb4b700a8c8d117eb11,2035年英国氢能价值将高达180亿英镑,http://baijiahao.baidu.com/s?id=1684165469922953911&wfr=spider&for=pc,,,,全国能源信息平台,2020/11/23,2020,baijiahao.baidu.com,百家号,,1.0,,,zh,英国,,
text_1048d4653c3211745bf1d80e3b9b48b5.txt,1048d4653c3211745bf1d80e3b9b48b5,2030年电动汽车价格将降至现在的1/5？电动车称霸世界？,https://xueqiu.com/2869372955/176220352,"2030年电动汽车价格将降至现在的1/5？电动车称霸世界？ 全球领先的公司和政策制定者正在围绕设定目标，在2030年左右采用零排放车辆。 英国总理鲍里斯·约翰逊（Boris Joh...,雪球",全球领先的公司和政策制定者正在围绕设定目标，在2030年左右采用零排放车辆。 英国总理鲍里斯·约翰逊（Boris Johnson）2020年底透露了一项气候计划，其中包括从2030年开始禁止销售新型汽油动力汽车（有些混合动力汽车将被允许使用到2035年）。英国将其对零排放车辆的承诺从2040年提前到2035年。 ...,,Alwaleed,2022/1/1,2022,xueqiu.com,雪球网,,,,,zh,英国,,
text_f480e249c42a3b26dd4570663fb43cf3.txt,f480e249c42a3b26dd4570663fb43cf3,英国或成为可再生能源全球中心,https://www.sohu.com/a/415385712_120648389,"能源,英国,群岛,奥克尼,电力,全球,鲍里斯·约翰逊,elMkvPX-vPnI,ByoP,事情,消息资讯,奥克尼群岛,英国,鲍里斯,苏格兰,电力",一位可持续发展专家说，英国首相鲍里斯·约翰逊有绝佳的机会将英国成为可再生能源的“全球中心”。并且政府可以为实现其碳净零排放承诺将做更多的事情。 奥克尼群岛拥有大量的可再生电力，并开创了在刮风的日子利用…,,英国阳光家园,2020/8/28,2020,www.sohu.com,搜狐,496.0,0.0,0.0,,zh,英国,,
text_84594c7695f0abae328b9636a1cd8958.txt,84594c7695f0abae328b9636a1cd8958,英印推出世界绿色电网计划 可行性受质疑,http://baijiahao.baidu.com/s?id=1716318100789167570&wfr=spider&for=pc,,,,全国能源信息平台,2021/11/13,2021,baijiahao.baidu.com,百家号,,0.0,,,zh,英国,,
text_0dbe14a2b9766ffdce822354d4142126.txt,0dbe14a2b9766ffdce822354d4142126,重磅！英国将光伏发电纳入新一代发电能力拍卖,https://guangfu.bjx.com.cn/news/20200304/1050273.shtml,"重磅！英国将光伏发电纳入新一代发电能力拍卖,光伏发电,光伏电站,英国光伏市场",重磅！英国将光伏发电纳入新一代发电能力拍卖，总理鲍里斯·约翰逊（BorisJohnson）计划在明年进行的包括太阳能在内的产能拍卖受到了热烈欢迎。英国政府似乎宣布了明年的新一代发电能力拍卖计划，包括寒冷地区欢迎的太阳能，陆上风能和其他成熟的可再生能源技术。,pv-magazine,,2020/3/4,2020,news.bjx.com.cn,北极星网,,,,,zh,英国,,
text_82955379849a14ed405fc83a1e77ec73.txt,82955379849a14ed405fc83a1e77ec73,英国将斥资1.6亿英镑提振海上风电产业 推进绿色工业革命,http://baijiahao.baidu.com/s?id=1680010485805681578&wfr=spider&for=pc,,,,新浪科技,2020/10/9,2020,baijiahao.baidu.com,百家号,,1.0,,,zh,英国,,
text_b41eccd217aeddcbf7401ded5ad43a8c.txt,b41eccd217aeddcbf7401ded5ad43a8c,英国将海上风电视为绿色复苏核心,http://baijiahao.baidu.com/s?id=1683520724631898078&wfr=spider&for=pc,,,,全国能源信息平台,2020/11/16,2020,baijiahao.baidu.com,百家号,,0.0,,,zh,英国,,
text_79ef308ed8c9bae5417dff657512e909.txt,79ef308ed8c9bae5417dff657512e909,英国提出含海上风电和绿色船舶的10个步骤的120亿英镑“绿色工业革命”计划,https://www.sohu.com/a/433079952_624484,"消息资讯,船舶,革命,海上,计划,住宅,步骤,英国,工业,绿色,鲍里斯·约翰逊,英国,氢能,绿色,船舶,工业革命",该计划将动用超过120亿英镑的政府资金，拟在2030年前促进3倍以上的私营部门投资，以在英国及世界各地建立适应未来的绿色产业和就业机会。 碳捕集：为了重振第一次工业革命的发源地，英国将引领全球碳…,,新技术时代,2020/11/20,2020,www.sohu.com,搜狐,743.0,0.0,0.0,,zh,英国,,
text_7697d5164a5b090ec9f0c4e9313606f7.txt,7697d5164a5b090ec9f0c4e9313606f7,英国首相鲍里斯·约翰逊公布上亿英镑的海上风力发电计划,http://baijiahao.baidu.com/s?id=1680301357312146760&wfr=spider&for=pc,,,,全国能源信息平台,2020/10/12,2020,baijiahao.baidu.com,百家号,,0.0,,,zh,英国,,
text_15f78235f0f75f8d414ec9acfa79443f.txt,15f78235f0f75f8d414ec9acfa79443f,英国邀请电动汽车公司 Rivian 赴英设厂,http://baijiahao.baidu.com/s?id=1718204760356895072&wfr=spider&for=pc,,,,IT之家,2021/12/4,2021,baijiahao.baidu.com,百家号,,0.0,,,zh,英国,,
text_c27a1123cd7d9f6de61b1ae5b4c6e3ea.txt,c27a1123cd7d9f6de61b1ae5b4c6e3ea,英国拟未来10年每年新建14.5万个电动汽车充电站,http://baijiahao.baidu.com/s?id=1717082787982171137&wfr=spider&for=pc,,,,36氪,2021/11/22,2021,baijiahao.baidu.com,百家号,,0.0,,,zh,英国,,
text_48270a5dc3230c043d5ccd09b5effec5.txt,48270a5dc3230c043d5ccd09b5effec5,电费疯涨！英国被迫停用电力机车 改用柴油牵引,https://zhuanlan.zhihu.com/p/423354511,"英国,能源",在英国，电价的疯狂上涨已经使一些铁路货运运营商胆战心惊。电动机车将被停止使用，运营商将采用柴油牵引代替。这将给英国和其分权政府带来棘手的问题，他们声称要实行多元化的能源发电政策。这也意味着英国可能要…,,最铁运Railfreight?,2021/10/19,2021,zhuanlan.zhihu,知乎专栏,,0.0,0.0,,zh,英国,,
text_11d7fa758a0c016f68d6505ef91b12f8.txt,11d7fa758a0c016f68d6505ef91b12f8,英国新首相鲍里斯·约翰逊丨一位将氢引入伦敦的领导人,http://baijiahao.baidu.com/s?id=1639896811934342505&wfr=spider&for=pc,,,,氢能首席观察,2019/7/24,2019,baijiahao.baidu.com,百家号,,0.0,,,zh,英国,,
text_29309b3cee6ea208af24e9946a2eab7f.txt,29309b3cee6ea208af24e9946a2eab7f,英首相鲍里斯环保计划雄心勃勃,http://baijiahao.baidu.com/s?id=1714419557714422047&wfr=spider&for=pc,,,,安尔法国际,2021/10/23,2021,baijiahao.baidu.com,百家号,,0.0,,,zh,英国,,
text_080c23747484297db2e0aba8b84f48c5.txt,080c23747484297db2e0aba8b84f48c5,英国首相鲍里斯和比尔·盖茨启动5.5亿美元绿色科技投资，欲将英国的绿色技术推向市场,http://baijiahao.baidu.com/s?id=1714104924223430253&wfr=spider&for=pc,,,,福布斯中国,2021/10/20,2021,baijiahao.baidu.com,百家号,,1.0,,,zh,英国,,
text_5b933f4cf096658e9a984f460a8d3292.txt,5b933f4cf096658e9a984f460a8d3292,英国开发商推出1GW“无补贴光伏+储能项目”计划,http://baijiahao.baidu.com/s?id=1671011746840778248&wfr=spider&for=pc,,,,全国能源信息平台,2020/7/1,2020,baijiahao.baidu.com,百家号,,0.0,,,zh,英国,,
text_355711db0200fa4e237317bca2c52e0e.txt,355711db0200fa4e237317bca2c52e0e,COP26：印度、英国提出全球首个光伏电网互联互通计划,https://new.qq.com/omn/20211105/20211105A08TPJ00.html,"COP26：印度、英国提出全球首个光伏电网互联互通计划,鲍里斯·约翰逊,印度_财经,光伏行业,英国_财经,电网互联,太阳能",来源丨Saur Energy编译 | 新睿 审订 | Vera据报道，印度总理莫迪和英国首相鲍里斯·约翰逊日前在COP26气候峰会上共同发起了一项新的国际倡议，建立全球光伏电网互联设施，以大幅加快……,,,2021/11/5,2021,new.qq.com,腾讯网,,,,,zh,英国,,finance
text_b7817d7de3eed54a31ae74b23a6edfa2.txt,b7817d7de3eed54a31ae74b23a6edfa2,重磅！英国将光伏发电纳入新一代发电能力拍卖,https://www.sohu.com/a/377868628_818114,"发电,拍卖,太阳能,能源,技术,英国,补贴,Pot,计划,重磅,太阳能,CfD,Pot,英国,能源",在政府计算出英国到2050年通过利用灵活能源可以节省17-40亿英镑(196.460亿欧元)后，BEIS正在征求有关如何鼓励将储能设施与CfD分配的可再生能源发电并置的反馈。 随着BEIS提议将两年…,,广州太阳能光伏展.,2020/3/5,2020,www.sohu.com,搜狐,15.0,0.0,0.0,,zh,英国,,
text_9fdef7ec387f83f902aed1859a7836e3.txt,9fdef7ec387f83f902aed1859a7836e3,英国首相鲍里斯·约翰逊提出了宏大的绿色工业革命“十点计划”,https://xueqiu.com/3902829679/163896468,"英国首相鲍里斯·约翰逊提出了宏大的绿色工业革命“十点计划” 国际金融报，作者：袁源 报道。未来四年，英国将投入近5亿英镑来研发和批量生产电动汽车动力电池。计划投资多达5亿英镑，其中...,雪球",国际金融报，作者：袁源 报道。未来四年，英国将投入近5亿英镑来研发和批量生产电动汽车动力电池。计划投资多达5亿英镑，其中一部分将被用于测试使用氢能供暖和烹饪的住宅。到2030年，实现5吉瓦的低碳氢能产能，供给产业、交通、电力和住宅；在十年内建设首个完全由氢能供能的城镇。 当地时间11月...,,能力圈的边界,2022/1/1,2022,xueqiu.com,雪球网,,,,,zh,英国,,
text_434e83c6ff2d1cd838d119fb693f7617.txt,434e83c6ff2d1cd838d119fb693f7617,英国“终结”燃油车时间再提速，2030年或将全面禁售,http://baijiahao.baidu.com/s?id=1683485216726935888&wfr=spider&for=pc,,,,未来汽车日报,2020/11/16,2020,baijiahao.baidu.com,百家号,,0.0,,,zh,英国,,
text_8af5c5f67459da4a17fe8dbeb44944bf.txt,8af5c5f67459da4a17fe8dbeb44944bf,雪球,https://xueqiu.com/7926414081/163328768,"新能源车 之火越烧越旺了！刚刚，英媒报道，英国首相鲍里斯将于下周宣布，英国将在10年内禁售汽油和柴油车。在全球车企纷纷布...,雪球",新能源车 之火越烧越旺了！刚刚，英媒报道，英国首相鲍里斯将于下周宣布，英国将在10年内禁售汽油和柴油车。在全球车企纷纷布局 新能源 的情况下，新能源车龙头股股价渐入疯狂。 近两年，不断有车企宣布了自己的燃油车“终结”时间表。就在过去的一个月，就有不少车企宣布新的政策。 11月5日，日...,,前浪大潘,2022/1/1,2022,xueqiu.com,雪球网,,,,,zh,英国,,
text_84975844a0b756fe598d618c02416f70.txt,84975844a0b756fe598d618c02416f70,英国碳排放权交易市场上线后问题分析,https://zhuanlan.zhihu.com/p/379606464,"碳金融,碳,碳排放",2021年5月19日，英国全国碳交易市场正式“上线”，当天启动了首笔碳配额许可证拍卖交易。这标志着英国彻底离开了欧盟碳排放交易市场，未来将全力运营自己的碳排放交易体系。 英国政府将碳排放交易视为应对气候变化…,,津碳未来?,2021/6/10,2021,zhuanlan.zhihu,知乎专栏,,0.0,3.0,,zh,英国,,
text_a916a2c484a2b5878055b85656190e00.txt,a916a2c484a2b5878055b85656190e00,鲍里斯发布雄心环保计划，2050年零净碳排放！民众：太贵！换个热泵1W多镑谁买单？,https://new.qq.com/omn/20211020/20211020A0DWS400.html,"鲍里斯发布雄心环保计划，2050年零净碳排放！民众：太贵！换个热泵1W多镑谁买单？,鲍里斯,英国_社会,碳排放,英国政府,英国财政部",就在昨天（10月19日），英国首相鲍里斯公布了一项重磅计划——《净零战略：更环保地重建》（NetZero Strategy: Build Back Greener），表示英国将“带头”应对气候变化。……,,,2021/10/20,2021,new.qq.com,腾讯网,,,,,zh,英国,,social
text_8164e40211bfd49953449b3af4b467f7.txt,8164e40211bfd49953449b3af4b467f7,碳交易试行办法出台，千亿市场呼之欲出,https://xueqiu.com/3538545209/167871732,"碳交易试行办法出台，千亿市场呼之欲出 1月5日，生态环境部公布《碳排放权交易管理办法（试行）》，自2021年2月1日起施行。 2021年中国人民银行工作会议1...,雪球",1月5日，生态环境部公布《碳排放权交易管理办法（试行）》，自2021年2月1日起施行。 2021年中国人民银行工作会议1月4日召开，会议要求，落实碳达峰碳中和重大决策部署，完善绿色金融政策框架和激励机制。做好政策设计和规划，引导金融资源向绿色发展领域倾斜，增强金融体系管理气候变化相关风险的...,,科创50ETF,2021/1/7,2021,xueqiu.com,雪球网,,,,,zh,英国,,
text_f1d427fb4520ccea439ab2ade74b9e15.txt,f1d427fb4520ccea439ab2ade74b9e15,日产汽车公司在英国成立电动汽车生产枢纽，加速碳中和进程,https://zhuanlan.zhihu.com/p/386916004,"电动汽车,汽车行业,汽车公司",近日，日产汽车公司斥资10亿英镑打造的“日产EV36Zero”电动汽车枢纽在英国成立，标志着全球第一个电动汽车制造生态系统的诞生。该枢纽建立在日产屡破纪录的英国桑德兰工厂，致力于创建全新的360度零排放解决方案…,,宇尘说车?,2021/7/5,2021,zhuanlan.zhihu,知乎专栏,,0.0,0.0,,zh,英国,,
text_ef8743948643781195943eaaba0c3a65.txt,ef8743948643781195943eaaba0c3a65,英国首相称赞中国！碳达峰及碳中和承诺意义重大,http://baijiahao.baidu.com/s?id=1715447349597532949&wfr=spider&for=pc,,,,英伦投资客在伦敦,2021/11/4,2021,baijiahao.baidu.com,百家号,,0.0,,,zh,英国,,
text_4a0019d49e13c9a2d5bfbcea0a34d967.txt,4a0019d49e13c9a2d5bfbcea0a34d967,碳中和周报中国国庆高速日充电量创新高 英国拟2035年全面转向清洁能源发电,https://www.163.com/dy/article/GLT78AI80550B1DU.html,"清洁能源,充电量,电动汽车,氢能,燃料",碳中和周报中国国庆高速日充电量创新高 英国拟2035年全面转向清洁能源发电，清洁能源，充电量，电动汽车，氢能，燃料,网易,科创板日报,2021/10/9,2021,www.163.com,网易,,0.0,,,zh,英国,,电动汽车|氢能|燃料
text_c6a5b08decad8a291a955b4130685ddc.txt,c6a5b08decad8a291a955b4130685ddc,英国将终止对海外化石燃料项目的援助 承诺到2030年减少碳排放量68%,https://www.sohu.com/a/437866371_656058,"消息资讯,气候,化石,英国,燃料,出口融资,项目,承诺,援助,政府,鲍里斯·约翰逊,支持,英国,化石,燃料,联合国,方济",据英国媒体BBC当地时间12月12日报道，英国政府宣布将停止对海外化石燃料项目的直接支持。 “这就是为什么英国最近率先做出大胆的新承诺，到2030年至少减少68%碳排放量，这也是我今天很高兴宣布英国将尽快…,,知世,2020/12/12,2020,www.sohu.com,搜狐,300000.0,0.0,0.0,,zh,英国,,
text_2cd508e9eaed2915aff33169bebc6848.txt,2cd508e9eaed2915aff33169bebc6848,鲍里斯发布雄心环保计划，2050年零净碳排放！民众：太贵！换个热泵1W多镑谁买单？,https://www.sohu.com/a/496248281_121124400,"环保,计划,目标,气候,民众,绿色,英国,代价,雄心,鲍里斯,成本,热泵,英国,鲍里斯",鲍里斯的计划推出后，有部分英国人对于该计划立即表达了质疑和担忧，他们认为这一计划不仅成本高昂，而且可行性很低。 该专家引用了今年4月由利兹贝克特大学参与的一项研究，该研究指出，在被分析的2，270万…,,一颗旅行的心,2021/10/20,2021,www.sohu.com,搜狐,74.0,0.0,0.0,,zh,英国,,
text_baba6a3ac734fd8e1944cfac437fd3a8.txt,baba6a3ac734fd8e1944cfac437fd3a8,碳中和周报|中国国庆高速日充电量创新高 英国拟2035年全面转向清洁能源发电,https://xueqiu.com/9252950692/199695959,"碳中和周报|中国国庆高速日充电量创新高 英国拟2035年全面转向清洁能源发电 《科创板日报》10月9日讯， 本周，碳中和领域重要事件包括：经济日报发文称，实现“双碳”目标需处理好几对关系；韩国拟提高...,雪球",《科创板日报》10月9日讯， 本周，碳中和领域重要事件包括：经济日报发文称，实现“双碳”目标需处理好几对关系；韩国拟提高2030年减排目标至40%。 科创板日报持续关注碳中和以及相关背后的公司动态、技术研发、投融资等，若您有碳中和相关案例，可通过以下邮箱与我们联系：chinastarmarket@cls.c...,,科创板日报,2022/1/1,2022,xueqiu.com,雪球网,,,,,zh,英国,,
text_e41f4f99166e260ff2593ad2982d805f.txt,e41f4f99166e260ff2593ad2982d805f,如何实现“3060双碳目标”国际社会的经验与启示,https://www.sohu.com/a/510856109_120504824,"排放,经济,启示,社会,国际,投资,能源,欧盟,目标,绿色,美国,能源,欧盟,英国,低碳",6.加快清洁技术在美国经济中的应用，到2035年将美国建筑库存的碳足迹较少50%，在2030年底前部署超过50万个新的公共充电桩； 3.将动用超过120亿英镑的政府资金，截止2030年时促进3倍以上…,,环保工程师朴华,2021/12/23,2021,www.sohu.com,搜狐,128.0,0.0,0.0,,zh,英国,,
text_b3bda223d95dda8f808d7a600daaaa42.txt,b3bda223d95dda8f808d7a600daaaa42,能源区块链与双碳战略研究|COP26：印度和英国发起绿色电网倡议,https://www.sohu.com/a/499731303_488177,"战略,德拉·莫迪,电网,能源,和英国,倡议,区块,气候,绿色,研究,期刊部,电网,印度,英国,莫迪",在第26届联合国气候变化大会（COP26）上，印度和英国联合发起了绿色电网倡议，意在加速建设清洁能源发电的基础设施。 “英国COP26主席团接手了该项目，莫迪总理也在提供帮助，我们已经开始组建…,,能源舆情,2021/11/7,2021,www.sohu.com,搜狐,21.0,0.0,0.0,,zh,英国,,
text_217660694a92de5d616ead73070031cb.txt,217660694a92de5d616ead73070031cb,能源区块链与双碳战略研究｜COP26 的机遇，抓住还是错过？,http://baijiahao.baidu.com/s?id=1715718271391860811&wfr=spider&for=pc,,,,全国能源信息平台,2021/11/7,2021,baijiahao.baidu.com,百家号,,0.0,,,zh,英国,,
text_10f67993840e060e6e2b58b50d8f05a6.txt,10f67993840e060e6e2b58b50d8f05a6,全球投资峰会开幕英宣布近百亿英镑新能源投资,http://stock.10jqka.com.cn/20211019/c633480488.shtml,,当地时间19日，全球投资峰会在英国伦敦开幕，全球200多家知名企业高管参会。英国首相鲍里斯·约翰逊在峰会开幕式上宣布了18项价值97亿英镑（约合873亿元人民币）的新能源投资交易。据了解，相关交易主要包括对风能和氢能、可持续住宅和碳捕获等领域的投资。约翰逊还表示，英国低碳行业的外国投资交易将创造约3万个工作岗位。他指出，投资者已经认识到“英国在增长和创新方面的巨大潜力”。（央视新闻）,同花顺金融研究中心,,2021/10/19,2021,10jqka.com.cn,同花顺财经,,0.0,998.0,,zh,英国,,
text_c8bf7548149410e1ce98e9d9871139a6.txt,c8bf7548149410e1ce98e9d9871139a6,欧盟宣布向海上风电投资9400亿美元 英国也加码要建世界最大海上风电场,http://news.10jqka.com.cn/20201126/c624989680.shtml,,拜登上台在即，许多西方国家加大对可再生能源的支持力度，英国大力发展海上风电。 据彭博报道，英国电力巨头SSE公司和挪威能源巨头Equinor ASA将在达成财务协议后，携手在英国北部海域建设全球最大的海上风电场。 在这两家公司做出这,同花顺金融研究中心,,2020/11/26,2020,10jqka.com.cn,同花顺财经,,0.0,921.0,,zh,英国,,
text_bcbcf585e70db79d4cb84e4cf5daf8c7.txt,bcbcf585e70db79d4cb84e4cf5daf8c7,"英议员怂恿抗议民众到中国""闹事"" 本国网友不买账 |排放量|鲍里斯|中国|英国",https://3g.163.com/news/article/EDH584TS0001875O.html,"鲍里斯,中国,抗议者,英国,排放量,鲍里斯,中国,抗议者,英国,排放量",英国前外交大臣想“祸水东引”，怂恿占领伦敦市中心的气候问题抗议者去中国“闹事”。但英国网友用实力告诉他，什么叫“该配合你演出的我演视而不见”……据英国《卫报》4月22日报道，警方透露，截至周一上午10点，已有1065人在数日来的伦敦“反抗灭绝”（ExtinctionRebellion）气候抗议活动中被捕。,观察者网,,2019/4/24,2019,163.com,网易新闻,,0.0,0.0,,zh,英国,,
text_7d0de7d39a39a3fce952eed55fe84353.txt,7d0de7d39a39a3fce952eed55fe84353,鲍里斯新目标：2035年起，英国所有电力都将来自清洁能源,http://sl.g.58.com/glglasgow-sl/glsljishikuaibao/47800747942274.html,,,58同城,,2021/10/5,2021,58.com,58同城,,,,,zh,英国,,
text_5b23815b2570ed6d2f357e6414697d73.txt,5b23815b2570ed6d2f357e6414697d73,英国将停止援助海外化石项目,http://baijiahao.baidu.com/s?id=1686949060004402023&wfr=spider&for=pc,,,中国能源网,,2020/12/24,2020,baidu.com,百家号,,,,,zh,英国,,
text_e9131bd72561efda3d2699b3229e87f6.txt,e9131bd72561efda3d2699b3229e87f6,英国首个电动汽车充电站开业 司机可骑自行车为车辆充电,http://baijiahao.baidu.com/s?id=1685463000691664797&wfr=spider&for=pc,,,海外网,,2020/12/8,2020,baidu.com,百家号,,,,,zh,英国,,
text_8b9063f676444287e626dbd4279149a7.txt,8b9063f676444287e626dbd4279149a7,鲍里斯拟宣布英国10年内禁售燃油车！新能源车到底有多火？,http://baijiahao.baidu.com/s?id=1683430618454136403&wfr=spider&for=pc,,,,央视财经,2015/2/11,2015,baidu.com,百家号,,,,,zh,英国,,
text_e5a3f8163c596680e2fc6d544bc042ba.txt,e5a3f8163c596680e2fc6d544bc042ba,鲍里斯·约翰逊：森林和土地使用｜《联合国气候变化框架公约》第二十六次缔约方大会,http://baijiahao.baidu.com/s?id=1715403544866070783&wfr=spider&for=pc,,,中国绿发会,,2021/11/3,2021,baidu.com,百家号,,,,,zh,英国,,
text_1bde128726671c7e5bbe100bf2ecf6ee.txt,1bde128726671c7e5bbe100bf2ecf6ee,淘汰燃油车 英国放大招,https://www.bbtnews.com.cn/2021/1123/419980.shtml,北京商报 英国 燃油,淘汰燃油汽车，是英国减碳路线中的重要一步，2030年，则是英国售卖燃油车的最后期限。,北京商报,,2017/12/20,2017,bbtnews.com.cn,北京商报网,,,,,zh,英国,,
text_918985eb612946be2794c53a2cb450bb.txt,918985eb612946be2794c53a2cb450bb,英国成立氢能咨询委员会 并拨款1.39亿英镑支持天然气向氢能过渡 - 北极星氢能网,https://chuneng.bjx.com.cn/news/20200724/1091724.shtml,"氢能,氢燃料电池,氢储能",英国成立氢能咨询委员会 并拨款1.39亿英镑支持天然气向氢能过渡，7月22日，英国首相鲍里斯·约翰逊宣布，将提供3.5亿英镑用于减少英国重工业的排放并推动后新冠疫情时期的经济复苏，该笔资金将用于推动重工业，建筑，航空和运输业的脱碳化。（来源：微信公众号“车用氢能产业蓝皮书,车用氢能产业蓝皮书,北极星氢能网,2010/10/14,2010,bjx.com.cn,北极星,,,,,zh,英国,,
text_ea134bc07e1e891bc14e2baa45ac3320.txt,ea134bc07e1e891bc14e2baa45ac3320,苏格兰电力计划再投100亿英镑 用于太阳能、风能和电池储能等基础设施 -  北极星储能网,https://chuneng.bjx.com.cn/news/20201113/1115626.shtml,"电池储能,可再生能源,电源侧储能",苏格兰电力计划再投100亿英镑 用于太阳能、风能和电池储能等基础设施，据能源之声11月8日消息称，据据透露，苏格兰电力公司计划在未来五年内再投资100亿英镑用于英国的绿色能源。数周前，英国首相鲍里斯·约翰逊(BorisJohnson)宣布了用海上风能为英国所有家庭供电的宏伟计划。该公司周四,中国石化新闻网,北极星储能网,2020/11/12,2020,bjx.com.cn,北极星,,,,,zh,英国,,
text_ab312d1d297b6339399f277d85dfed7f.txt,ab312d1d297b6339399f277d85dfed7f,脱欧两个月 英国减排瞄准哪里？ - 北极星大气网,https://huanbao.bjx.com.cn/news/20200403/1060613.shtml,"碳排放,净零排放,碳减排",脱欧两个月 英国减排瞄准哪里？，4月2日，英国首相鲍里斯·约翰逊正处在自我隔离的第一周。目前，每天有专人负责将文件和食品送到唐宁街10号门口。同时，数名首相府办公厅工作人员也在进行自我隔离，首相顾问多米尼克·卡明斯（DominicCummings）也,中国环境报,北极星大气网,2021/12/9,2021,bjx.com.cn,北极星,,,,,zh,英国,,
text_befe08791c1e7afc82b86a4b6befa9fa.txt,befe08791c1e7afc82b86a4b6befa9fa,观察 | 世界经济遭遇短缺难题，欧盟围绕碳中和布局战略产业 - 丝路通,http://weixin.bricc.org.cn/Module_Think/ThinkPortal/ArticleDetail.aspx?aid=4348,行业热点,世界经济缘何遭遇短缺难题 在金融危机爆发后的10年里，世界经济的问题是缺乏开支。如今，随着各国政府刺激经济，消费者花钱大手大脚，支出又开始大幅增加。需求的激增如此强劲，以至于供应难以跟上。在通胀加剧令投资者担忧的情况下，21世纪10年代的供应过剩已经让位于经济短缺。 直接原因是新冠肺炎疫情。规模,,,2021/10/26,2021,bricc.org.cn,丝路通,95.0,,0.0,,zh,英国,,
text_a7d61f624afdbdc266b5efc0fb3df57a.txt,a7d61f624afdbdc266b5efc0fb3df57a,中美德日澳五国氢能发展模式解析 英国碳交易市场上线争议不断----能源与环境政策研究中心,http://www.ceep.cas.cn/mznyxw/202105/t20210525_640840.html,,,,,2017/1/1,2017,cas.cn,能源与环境政策研究中心,,,,,zh,英国,,
text_6f9526b6f3aa4cfb3e9fadd00d55f68c.txt,6f9526b6f3aa4cfb3e9fadd00d55f68c,英公布绿色工业革命10项计划，向可持续、绿色的未来转变,https://tech.china.com/article/20201120/20201120654639.html,英公布绿色工业革命10项计划，向可持续、绿色的未来转变,英国首相鲍里斯·约翰逊18日提出了一项宏大的绿色工业革命10项计划，该计划涵盖清洁能源、交通、自然和创新技术等领域，旨在推动英国在2050,科技日报,,2020/11/20,2020,china.com,中华网科技,,,,,zh,英国,,
text_2631394997da97a88875d1e4f604793a.txt,2631394997da97a88875d1e4f604793a,英国计划2035年碳排放比1990年减少78％ 将国际航空和航运排放纳入份额,https://tech.china.com/article/20210422/20210422758948.html,"英国计划2035年碳排放比1990年减少78％,将国际航空和航运排放纳入份额",英国政府20日公布的第六个碳预算宣布了其最新减排目标，即到2035年，二氧化碳排放量将比1990年的水平减少78%。同时，该预算首次将英国在国...,科技日报,,2021/4/22,2021,china.com,中华网科技,,,,,zh,英国,,
text_da798d332e3e045180cfb8dc33525be0.txt,da798d332e3e045180cfb8dc33525be0,中英两国气候变化专家的一封公开信,http://www.china.com.cn/opinion2020/2020-12/16/content_77017574.shtml,"国都,暴露度,巴黎协定,化石能源,燃煤电站",12月12日，国家主席习近平在气候雄心峰会上通过视频发表题为《继往开来，开启全球应对气候变化新征程》的重要讲话，宣布中国国家自主贡献一系列新举措。承认气候威胁的严重性，并为之做好准备——这将是我们从新冠肺炎疫情经历中可以获得的持久而积极的启示。,科技日报,,2020/12/16,2020,china.com.cn,中华网科技,,,,,zh,英国,,
text_9c9f4aff7a1cb4eb68d3f0097386883b.txt,9c9f4aff7a1cb4eb68d3f0097386883b,英国首相支持CCS和氢气10点计划,http://www.china-gases.com/article/item-3178.html,英国首相支持CCS和氢气10点计划,英国首相鲍里斯·约翰逊BorisJohnson于11月18日公布了他的120亿英镑10点计划，突显碳捕获和存储CCS和氢气将在一场绿色工业革命中发挥的重要作用。为了帮助英国在碳捕获、使用和存储CCUS方面走在全球前列，该计划提议额外提供2亿英镑的新资金，在本世纪20年代中期之前创建两个碳捕获集群，另外两个将在2030年之前创建。 用于碳捕获、使用和存储CCUS的新资本将总投资增加到10亿英镑，惠及那些行业特别难脱碳的地区，并支持至多5万个就业岗位。 如果成功，到2030年首相的碳捕获、使用和存储CCUS努力将减少1000万吨二...,,,2020/12/2,2020,china-gases.com,气体网,742.0,,,,zh,英国,,
text_fb849bef64b001d076747d63779ffd1e.txt,fb849bef64b001d076747d63779ffd1e,英国这个冬天有点“冷” 食品、汽油和电力均陷入困境 经济学家指出：走出困境需要时间 经济发展前景仍然乐观,http://gold.cnfol.com/caijingyaowen/20210925/29164062.shtml,,英国正在面临 真正寒冷的冬天 警告 因为食品和汽油极度短缺 电价飙涨 引发了英国陷入了不? 定性之中 英国首相鲍里斯约翰逊的发言人本周早些时候表示 英国不存在燃料短缺的问题 人们应该继续像往常一样购买天然气 他还称英国的食品供应链具有高度弹性 但承认该行业,FX168,,2021/9/25,2021,cnfol.com,黄金网,,0.0,1.0,,zh,英国,,
text_03b4f2b9c0032329be773b5adeec83b6.txt,03b4f2b9c0032329be773b5adeec83b6,英国将发展核能纳入“绿色工业革命10项计划”,https://www.cnnpn.cn/article/22224.html,核电，核能发电，核能利用，英国核电,2020年11月18日，英国首相鲍里斯·约翰逊(Boris Johnson)公布绿色工业革命10项计划，并称该计划有望成为实现净零排放目标的全球模板。该计划第3条提出，政府将致力于发展大型反应堆、小型堆(SMR)和先进堆(AMR)等各类先进核能技术，并计划投资5.25亿英镑(约合6.96亿美元)用于新一代小型堆和先进堆开发。,中国能源研究会核能专委会,,2020/11/24,2020,cnnpn.cn,中国核电网,,,,,zh,英国,,
text_2992245b5e0738ad9b1041dee0ae3e23.txt,2992245b5e0738ad9b1041dee0ae3e23,阿联酋和英国签署数十亿美元的清洁能源投资协议-中阿经贸促进专委会,http://www.cwtoca.com/as/22/2018,一带一路阿联酋,一带一路阿联酋,,,2021/4/28,2021,cwtoca.com,cwtoca,,,,,zh,英国,,
text_b19568350d0e86ff3b511a332d638acd.txt,b19568350d0e86ff3b511a332d638acd,英国公使衔参赞Kunal Khatri：英国重视对华绿色金融领域合作,https://finance.eastmoney.com/a/202001131355244069.html,"绿色金融,英国,公使衔,kunal,khatri,对华,领域,市场,成为,全球经济",推动全球经济可持续和包容性发展比以往任何时候都更加重要。目前可持续投资市场发展迅速，但是该行业需要应对理念提升、资金缺口等多方面挑战。在资本市场上，环境、社会和公司治理(ESG)已经成为越来越多投资者重视的投资理念。开发绿色金融产品也成为市场的迫切需求。,国际金融报,,2021/12/4,2021,eastmoney.com,东方财富网,,0.0,,,zh,英国,,
text_ad94213ddc5276cea2dceb3adb46e1fe.txt,ad94213ddc5276cea2dceb3adb46e1fe,英国首个纯电动汽车快充服务站正式开业-电子发烧友网,http://www.elecfans.com/d/1411236.html,"纯电动汽车,发动机,数据",据国外媒体报道，英国首个纯电动汽车快充服务站将于当地时间周一开业，是英国可再生能源开发商Gridserve与日立资本英国公司计划投资10亿英镑，在全英开设的100个快充服务站之一。,TechWeb.com.cn,艺艺子,2020/12/8,2020,elecfans.com,电子发烧友,921.0,0.0,0.0,,zh,英国,,
text_760da40a7b859baef7975b6d3463dc31.txt,760da40a7b859baef7975b6d3463dc31,英首相称十年内让每个家庭都用上风能；周二，英国首相鲍里斯·约翰逊在保守党线上会议宣布，十年之内让英国每个家庭都用上风能。他承诺将投入1.6亿英镑（合人民币约14亿元）升级建造涡轮机的港口和工厂。该计划预计创造2000个新岗位，并在2030年之前使英国的海上风电装机容量达到目前的四倍，增至40千兆瓦。（海外网）,https://news.fx678.com/202010071304042461.shtml,"汇通宏观快讯,工行外汇金银油,欧系货币,英镑,汇通宏观快讯,工行外汇金银油,欧系货币,英镑",英首相称十年内让每个家庭都用上风能； 周二，英国首相鲍里斯·约翰逊在保守党线上会议宣布，十年之内让英国每个家庭都用上风能。他承诺将投入1.6亿英镑（合人民币约14亿元）升级建造涡轮机的港口和工厂。该计划预计创造2000个新岗位，并在2030年之前使英国的海上风电装机容量达到目前的四倍，增至40千兆瓦。（海外网）,,,2020/10/7,2020,fx678.com,汇通财经,,0.0,0.0,,zh,英国,,
text_69c629add2ba8e7c73dfa09db728caf0.txt,69c629add2ba8e7c73dfa09db728caf0,全球投资峰会开幕英宣布近百亿英镑新能源投资；当地时间19日，全球投资峰会在英国伦敦开幕，全球200多家知名企业高管参会。英国首相鲍里斯·约翰逊在峰会开幕式上宣布了18项价值97亿英镑（约合873亿元人民币）的新能源投资交易。据了解，相关交易主要包括对风能和氢能、可持续住宅和碳捕获等领域的投资。约翰逊还表示，英国低碳行业的外国投资交易将创造约3万个工作岗位。他指出，投资者已经认识到“英国在增长和创新方面的巨大潜力”。（央视新闻）,https://news.fx678.com/202110191949232469.shtml,"汇通宏观快讯,汇通宏观快讯",全球投资峰会开幕英宣布近百亿英镑新能源投资； 当地时间19日，全球投资峰会在英国伦敦开幕，全球200多家知名企业高管参会。英国首相鲍里斯·约翰逊在峰会开幕式上宣布了18项价值97亿英镑（约合873亿元人民币）的新能源投资交易。据了解，相关交易主要包括对风能和氢能、可持续住宅和碳捕获等领域的投资。约翰逊还表示，英国低碳行业的外国投资交易将创造约3万个工作岗位。他指出，投资者已经认识到“英国在增长和创新方面的巨大潜力”。（央视新闻）,,,2021/10/19,2021,fx678.com,汇通财经,,0.0,0.0,,zh,英国,,
text_57af225e6082c2d4c0ed7c0c00781698.txt,57af225e6082c2d4c0ed7c0c00781698,加速电动车发展！英国将在2030年禁售燃油新车；①报道消息称，英国首相鲍里斯将于下周宣布，英国将在10年内禁售汽油和柴油车。今年2月，约翰逊曾经将禁售计划从2040年提前到2035年；②报道称，预计该计划将在2030年实现，但英国政府也会对混动插电汽车设定一个宽限期，该宽限期预计是2035年（智通财经网）,https://www.gold678.com/C/202011151323012070,"资讯,现货黄金,国际金融,财经资讯",,智通财经网,,2019/11/1,2019,gold678.com,汇金网,,,,,zh,英国,,
text_34d28f60294dd4bba242515d71fd44e2.txt,34d28f60294dd4bba242515d71fd44e2,英国首相发表回收评论 塑料行业和回收组织作出回应 - 慧正资讯,http://www.chem.hc360.com/detail/2545925,英国首相发表回收评论 塑料行业和回收组织作出回应、石化、能化、原油、石油、能源、天然气、乙烯、丙烯、树脂、pp、pe、pvc、工程塑料、改性塑料、通用塑料、塑料机械、塑料制品、模具、配件、塑料原材料、塑料助剂、注塑机、双螺杆挤出机、单螺杆挤出机、抗氧剂、增塑剂、弹性体、吹塑机、化塑指数、在线课堂、专家库、优料库、买化塑、智慧商铺,上周，英国首相鲍里斯·约翰逊在格拉斯哥举行的 COP26 国际气候变化峰会前召开的一次特别记者招待会上对 8-12 岁的听众说：“人们不应该回收利用塑料，而应该减少对塑料制品的消费。”由此引发英国塑料回收商及相关行业的强烈回应。,废塑料新观察,,2018/6/22,2018,hc360.com,慧正资讯,2291.0,,,,zh,英国,,
text_d08c6e4553155b9f065553416984c9f7.txt,d08c6e4553155b9f065553416984c9f7,英国首相鲍里斯视察伦敦电动车公司 试乘座驾竖大拇指夸赞,https://world.huanqiu.com/photo/2019-11/2948252.html,,当地时间2019年11月13日，英国西米德兰兹郡考文垂，英国首相鲍里斯-约翰逊访问伦敦电动车公司。,IC photo,,2019/11/29,2019,huanqiu.com,环球网,,,,,zh,英国,,
text_a08acf5b9ccd0753adab863ed907a986.txt,a08acf5b9ccd0753adab863ed907a986,加油站持续断油，英国的麻烦可能还不止这一样,https://3w.huanqiu.com/a/78fa3c/456RtCJl6Xi,"英国,脱欧,油荒,司机,英国政府,短缺,燃油,卡车司机",新华社记者韩岩摄英国《泰晤士报》4日报道，英国政府官员下令燃油企业优先应对伦敦等东南地区“激增”的燃油需求,新华社,,2021/10/9,2021,huanqiu.com,环球网,44.0,,,,zh,英国,,
text_c583753c238d95130bd0b6e11afb75e6.txt,c583753c238d95130bd0b6e11afb75e6,【全球投资峰会开幕英宣布近百亿英镑新能源投资】当地时间19日，全球投资峰会在英国伦敦开幕，全球200多家知名企业高管参会。英国首相鲍里斯·约翰逊在峰会开幕式上宣布了18项价值97亿英镑（约合873亿元人民币）的新能源投资交易。据了解，相关交易主要包括对风能和氢能、可持续住宅和碳捕获等领域的投资。约翰逊还表示，英国低碳行业的外国投资交易将创造约3万个工作岗位。他指出，投资者已经认识到“英国在增长和创新方面的巨大潜力”。（央视新闻） - 环球财经杂志官网,http://www.huanqiucaijing.cn/timeline/70367.html,,【全球投资峰会开幕英宣布近百亿英镑新能源投资】当地时间19日，全球投资峰会在英国伦敦开幕，全球200多家知名企业高管参会。英国首相鲍里斯·约翰逊在峰会开幕式上宣布了18项价值97亿英镑（约合873亿元人民币）的新能源投资交易。据了解，相关交易主要包括对风能和氢能、可持续住宅和碳捕获等领域的投资。约翰逊还表示，英国低碳行业的外国投资交易将创造约3万个工作岗位。他指出，投资者已经认识到“英国在增长和创...,央视新闻,,2021/10/19,2021,huanqiucaijing.cn,环球财经,,,,,zh,英国,,
text_fec155d1fbcfb85ef2c74c01bc411f45.txt,fec155d1fbcfb85ef2c74c01bc411f45,英国首相计划使用国家贷款帮助受困于天然气涨价的英国企业,https://finance.ifeng.com/c/8AHVt0bWQWb,英国首相 天然气 企业 英国,英国首相计划使用国家贷款帮助受困于天然气涨价的英国企业,同花顺金融研究中心,,2021/12/10,2021,ifeng.com,凤凰网财经,,,,,zh,英国,,
text_71815b40b79d57f1411f3dba10e1d101.txt,71815b40b79d57f1411f3dba10e1d101,英国首相上任三把火，第一把就给了海上风电！-国际风力发电网,http://wind.in-en.com/html/wind-2359095.shtml,"海上风电,风电项目,英国风电,国际风力发电网",英国首相上任三把火，第一把就给了海上风电！， 日前，新任英国首相鲍里斯约翰逊宣布，如果保守党在即将举行的大选中获胜，他会将2030年的海上风电目标从原来的30GW提高到40GW。 约翰逊提及海上风电的目...，国际风力发电网,欧洲海上风电,,2021/1/1,2021,in-en.com,国际风力发电网,,,,,zh,英国,,
text_d9399f67d3366291ed1343e6313af3a9.txt,d9399f67d3366291ed1343e6313af3a9,众说纷纭！2024年之前英国的电动汽车销量要超过传统燃油车-国际新能源网,http://newenergy.in-en.com/html/newenergy-2396234.shtml,电动汽车，插电式混合动力汽车，英国电动汽车行业,众说纷纭！2024年之前英国的电动汽车销量要超过传统燃油车，英国目前约1/4的汽车销量来自于插电式混合动力汽车。将燃油车禁售提前至2030年。英国的电动汽车销量需要在2024年之前超过传统燃油车。11月18日，英国首相鲍里斯...，国际新能源网,中国能源报,,2021/1/1,2021,in-en.com,国际新能源网,,,,,zh,英国,,
text_63af9c87f2294339c91bd374d7ab01ae.txt,63af9c87f2294339c91bd374d7ab01ae,英国将斥资1.6亿英镑提振海上风电产业，推进绿色工业革命,http://m.jsjnw.org/news/211231-1540.html,,英国将斥资1.6亿英镑提振海上风电产业，推进绿色工业革命-江苏省、南京市节能技术服务中心,,,2000/1/1,2000,jsjnw.org,江苏节能网,,,,,zh,英国,,
text_4b63f1a9af196866d9e9dc55924d6671.txt,4b63f1a9af196866d9e9dc55924d6671,英国在关键的储能电池技术之战中落后【钜大锂电】,http://www.juda.cn/news/128079.html,"储能,电池,英国,关键,技术,之战,落后,发布,时间,201",储能电池：英国在关键的技术之战中落后 发布时间：2019-08-30 16:00:43 关键词： 动力电池 锂电池 今年7月，英国首相鲍里斯约翰逊（Boris Johnson）在唐宁街10号的台阶上首次发表演讲时表示，为了减少碳排放和应对气候变化，英国在电池技术方面处于世界领先,,,2019/8/27,2019,juda.cn,钜大LARGE,733.0,,,,zh,英国,,
text_04c95e9ac4a074d4a4a52dcd55eda587.txt,04c95e9ac4a074d4a4a52dcd55eda587,COP26 全球森林砍伐承诺会拯救森林吗？|cop26|鲍里斯·约翰逊|格拉斯哥,https://xw.qq.com/cmsid/20211117A0BI5100?pgv_ref=baidutw,"cop26,鲍里斯·约翰逊,格拉斯哥,COP26",COP26 全球森林砍伐承诺会拯救森林吗？，本周宣布的多国承诺到 2030 年结束森林砍伐，从表面上看，似乎值得庆祝。但有人担心，该宣言可能是另一个空洞的承诺，如果不采取具体行动，森林砍伐将继续甚至加速。英国首相鲍里斯·约翰逊以可预见的热情迎……,,,2021/11/17,2021,qq.com,腾讯新闻,,,,,zh,英国,,
text_bfb1b777f9bb5792fd77df732296bbdd.txt,bfb1b777f9bb5792fd77df732296bbdd,演讲｜英国首相约翰逊在气候雄心峰会上的讲话|鲍里斯·约翰逊|温室气体,https://xw.qq.com/cmsid/20201215A0EDGB00?f=newdc,"鲍里斯·约翰逊,温室气体,演讲｜英国首相约翰逊在气候雄心峰会上的讲话",演讲｜英国首相约翰逊在气候雄心峰会上的讲话，英国首相鲍里斯·约翰逊12日在气候雄心峰会上宣布该国温室气体减排新目标，并表示英国将大力发展清洁能源，力争成为风能大国。为纪念应对气候变化《巴黎协定》达成5周年，联合国及有关国家12日以视频方式举行……,,,2020/12/15,2020,qq.com,腾讯新闻,,,,,zh,英国,,
text_cca4242b31e99e4e3260951cdc2a6e89.txt,cca4242b31e99e4e3260951cdc2a6e89,格拉斯哥气候峰会：全球领导人作出减少碳排放的承诺并签署历史性的协议|格拉斯哥|鲍里斯·约翰逊|联合国秘书长,https://xw.qq.com/cmsid/20211102A07CCS00?f=newdc,"格拉斯哥,鲍里斯·约翰逊,联合国秘书长,格拉斯哥气候峰会：全球领导人作出减少碳排放的承诺并签署历史性的协议",格拉斯哥气候峰会：全球领导人作出减少碳排放的承诺并签署历史性的协议，格拉斯哥气候峰会：全球领导人作出减少碳排放的承诺并签署历史性的协议共有120多位世界领导人出席为期两周的格拉斯哥气候峰会开幕式(盖蒂图像)Published On2021年11月2日在《联合国气候……,,,2021/11/2,2021,qq.com,腾讯新闻,,,,,zh,英国,,
text_59112895d9adfbeef96494aedb48a625.txt,59112895d9adfbeef96494aedb48a625,英拟到2030年底至少减排68％|鲍里斯·约翰逊|英国,https://xw.qq.com/cmsid/20201208a02a5700?adtag=baidutw,"鲍里斯·约翰逊,英国_时政,阿洛克·夏尔马,温室气体,英拟到2030年底至少减排68％",英拟到2030年底至少减排68％，据英国使馆新闻处最新消息，英国首相鲍里斯·约翰逊12月4日宣布了新的排放目标，与1990年水平相比，到2030年底英国将至少减少68%的温室气体排放。该目标旨在确保英国到2050年实现温室气体净零排……,,,2020/12/8,2020,qq.com,腾讯新闻,,,,,zh,英国,,
text_41c7fe92e0f468a24104f38675a0e0c1.txt,41c7fe92e0f468a24104f38675a0e0c1,英国公布2050战略！|鲍里斯|英国,https://xw.qq.com/cmsid/20211029A01D8V00,"鲍里斯,英国_时政,英国政府,英国公布2050战略！",英国公布2050战略！，当地时间19日，英国首相鲍里斯公布了“净零排放”战略，旨在大幅减少温室气体排放，到2050年实现净零排放。英国政府将该战略形容为“不仅仅是环境转型，也代表了重要的经济革命”。英国官员说，从化石燃料转……,,,2021/10/29,2021,qq.com,腾讯新闻,,,,,zh,英国,,
text_28164b75dac8803bde0d66172beca808.txt,28164b75dac8803bde0d66172beca808,英国计划在10年内禁售燃油车 会成为全球的风向标吗？|新能源汽车|英国政府|英国,https://xw.qq.com/cmsid/20201117A0EHUB00,"新能源汽车,英国政府,英国_汽车,燃油车,鲍里斯·约翰逊,英国计划在10年内禁售燃油车",英国计划在10年内禁售燃油车 会成为全球的风向标吗？，央广网北京11月17日消息（记者李思默）据中央广播电视总台中国之声《新闻晚高峰》报道，随着新能源汽车的保有量不断上升，全球车企纷纷布局新能源，而关于燃油车的未来，也牵动着车迷们的心。近日，英国《金融……,,,2020/11/17,2020,qq.com,腾讯新闻,,,,,zh,英国,,
text_bc64ba3f19c6bfcbe5cc6d4082d80113.txt,bc64ba3f19c6bfcbe5cc6d4082d80113,让世界各国电网连起来？能源危机下，英印推出跨国电网倡议|印度,https://xw.qq.com/cmsid/20211103A09TQU00?pgv_ref=baidutw,"印度_时政,碳排放,鲍里斯·约翰逊,英国_时政,英印,让世界各国电网连起来？能源危机下",让世界各国电网连起来？能源危机下，英印推出跨国电网倡议，日前，全球多个国家和地区出现了能源价格上涨、能源供应紧张，引发各界对“能源危机”的关注。据外媒报道，在11月2日的联合国气候变化大会上（COP26），英国和印度推出了世界各国电网连接计划，以加速推进……,,,2021/11/3,2021,qq.com,腾讯新闻,,,,,zh,英国,,
text_a39a1639b399f3d403799b0e7bd7a71e.txt,a39a1639b399f3d403799b0e7bd7a71e,科学网—英国2030年禁售汽油柴油车,https://news.sciencenet.cn/sbhtmlnews/2020/11/358904.shtm,,,中国科学报,,2020/11/1,2020,sciencenet.cn,科学网,,,,,zh,英国,,
text_e409b4a7a71a71e08b42e3fa40cd31f5.txt,e409b4a7a71a71e08b42e3fa40cd31f5,新能源汽车市场动力十足，“零碳”的未来还会远吗？,https://t.cj.sina.com.cn/articles/view/5798727514/159a18f5a00100uk8o,"财经头条,财经新闻,投资价值",近日，第三届世界新能源汽车大会在海南国际会展中心召开。大会期间，英国驻华大使馆、英国国际贸易部和中国汽车工程学会联合举办了中英交通领域碳中和...,艾问,,2019/1/1,2019,sina.com.cn,新浪财经头条,,,,,zh,英国,,
text_ef421100e29147e971e7c92ee6a7c4f0.txt,ef421100e29147e971e7c92ee6a7c4f0,英国太阳能产业的发展潜力-索比光伏网,https://news.solarbe.com/202012/01/332688.html,"英国太阳能产业的发展潜力,海外光伏市场,清洁能源,英国光伏市场",与英国太阳能行业相关的一些关键问题将英国政府未来几个月的发展计划中占据重要地位。首先，正如英国首相在10月份的讲话所表明的那样，关注国家如何应对气候变化和实现净零排放的必要性将变得更加突出。而实现净零排,索比光伏网,,2019/3/26,2019,solarbe.com,索比光伏网,,,,,zh,英国,,
text_d062d1b18d99dd7ff973361e370a5559.txt,d062d1b18d99dd7ff973361e370a5559,英国推动绿色发展是化学工业走向低碳化的一步,https://www.sumibuy.com/subject/detail/24243.html,化学工业,贸易机构化学工业协会（CIA）说，英国政府近期宣布的一揽子绿色投资计划是该国工业部门低碳化迈出的一步。英国首相鲍里斯·约翰逊上周公布了“绿色工业革命”计划，国家将投入120亿英镑资金，用于壮大海上风电,中塑在线,,2020/11/23,2020,sumibuy.com,塑米城,,,,,zh,英国,,
text_307b57528856f8775fd2a870540a9a2c.txt,307b57528856f8775fd2a870540a9a2c,鲍里斯·约翰逊面临确保英国经济绿色复苏的压力,http://www.tanjiaoyi.com/article-31479-1.html,"鲍里斯·约翰逊面临确保英国经济绿色复苏的压力,应对气候变化,碳排放权,碳排放交易,碳价格实时行情",鲍里斯·约翰逊面临确保英国经济绿色复苏的压力，环保组织和威尔士亲王呼吁英国政府在推动新冠疫情后的经济复苏时优先考虑低碳解决方案。 环保活动组织呼吁通过经济刺激方案推动英国未来低碳转型，随着威尔士亲王加入对绿色复苏的倡议，鲍里斯·约翰逊（Boris Joh ...,英国卫报,,2014/1/1,2014,tanjiaoyi.com,碳交易网,,0.0,,,zh,英国,,
text_fbdcb616274b1f20865ebaa53d326ef3.txt,fbdcb616274b1f20865ebaa53d326ef3,英国首相再访伦敦电动汽车工厂  点赞TX引领英国“绿色工业革命” - 封面新闻,http://www.thecover.cn/video/3007166,,,封面新闻,,2019/11/15,2019,thecover.cn,封面新闻,35569.0,,,,zh,英国,,
text_3fccd324931449c6c9f8599397de741c.txt,3fccd324931449c6c9f8599397de741c,英国核能消退海上风能扩张，但海上风电挑战实际上比预期大得多-贤集网,https://www.xianjichina.com/news/details_273222.html,"核能,海上风能",英国约16%的电力来自核电，由于近期的核能更新换代问题，一些电厂旧堆都会于近期关闭，英国政 府一直对此保持沉默。英国又以其独特地理优势——海岸线长、风速高、海床深度浅等——发展海上风电，成为全球最大海上风电国，总装机量达8 GW。,嘿嘿能源heypower， 海洋能源与工程资讯平台,,2021/7/9,2021,xianjichina.com,贤集网,,0.0,0.0,,zh,英国,,
text_6707795db6036ee02b7432197103832b.txt,6707795db6036ee02b7432197103832b,英国公布促进氢能、电动汽车和碳捕集新的净零排放计划-贤集网,https://www.xianjichina.com/special/detail_463258.html,汽车，电动汽车，充电器，充电,英国首相鲍里斯?约翰逊日前公布了一项10点计划，以使该国迈向2050年净零目标。其承诺是加速电动汽车的推出和新的氢能目标。,,,2020/11/19,2020,xianjichina.com,贤集网,,0.0,0.0,,zh,英国,,
text_f7fb89efe2105f30edb736ac23b39519.txt,f7fb89efe2105f30edb736ac23b39519,英国首相鲍里斯·约翰逊再次走访吉利伦敦电动汽车绿色工厂-贤集网,https://www.xianjichina.com/news/details_170265.html,"吉利汽车,电动汽车",近日，英国首相鲍里斯·约翰逊一行考察了吉利控股集团位于英国考文垂安斯蒂的伦敦电动汽车（以下简称LEVC）绿色工厂。,华龙网,,2019/11/15,2019,xianjichina.com,贤集网,,0.0,0.0,,zh,英国,,
text_32180690f7102bc32b26fb67e4e9c1fd.txt,32180690f7102bc32b26fb67e4e9c1fd,英国将从2035年起禁售燃油车 比原计划提前5年,http://m.xny365.com/25-0-35067-1.html,"英国将从2035年起禁售燃油车 比原计划提前5年,纯电动汽车 混合动力 纯电动 排放",2020年02月05日关于英国将从2035年起禁售燃油车 比原计划提前5年的最新消息：据路透社报道，英国政府计划在2035年前禁止销售所有搭载汽油和柴油发动机的汽车，包括混合动力车和插电式混合动力车，这比之前的计划提前了5年。英国首相鲍里斯?约翰逊（Boris Jo英国将从2035年起禁售燃油车 比原计划提前5年,,,2020/2/5,2020,xny365.com,新能源汽车,575.0,,,,zh,英国,,
text_6a772f8c59d424bf2065fb22bb47acb2.txt,6a772f8c59d424bf2065fb22bb47acb2,英首相称十年内让每个家庭都用上风能,https://www.yicai.com/brief/100792634.html,"第一财经,第一财经日报,第一财经周刊,第一财经电视,第一财经在线直播,股票,股市,创业板,中小板,新三板,黄金,GDP,投资,理财,金融,商业",周二，英国首相鲍里斯·约翰逊在保守党线上会议宣布，十年之内让英国每个家庭都用上风能。他承诺将投入1.6亿英镑（合人民币约14亿元）升级建造涡轮机的港口和工厂。该计划预计创造2000个新岗位，并在2030年之前使英国的海上风电装机容量达到目前的四倍，增至40千兆瓦。（海外网）,海外网,,2020/10/7,2020,yicai.com,第一财经,,0.0,,,zh,英国,,
text_d6a3ee6e09dee9d7f5cc942b1ddb4690.txt,d6a3ee6e09dee9d7f5cc942b1ddb4690,2022年起，充电桩将成英国新建筑标配-有车以后,http://www.youcheyihou.com/news/1247072,2022年起，充电桩将成英国新建筑标配,撰文 / 朱 琳 编辑 / 张霖郁 设计 / 师玉超 来源 / electriccarsreport、thedetroitbureau，作者：Blagojce Krievski、Paul A. Eisenstein 根据英国首相鲍里斯·约翰逊（Boris Johnson）11月22日宣布的新立法，从2022年起，新的住宅和建筑，如超市和工作场所，以及正在进行重大翻修的建筑，将被要求安装电动汽车充电桩。 英国将在世界上率先实施这样的建筑法规，开启未来10年数十万个充电桩的交付，同时在全国各地创造更,electriccarsreport、thedetroitbureau,Blagojce Krievski、Paul A. Eisenstein,2021/11/26,2021,youcheyihou.com,有车以后,,0.0,,,zh,英国,,
text_31e460a24dc869e5b86574a502c13a82.txt,31e460a24dc869e5b86574a502c13a82,伦敦将开设英国首条氢能源公交线路,http://www.yutong.com/news/industrynews/12/18504.shtml,"宇通,客车,伦敦,氢能源",伦敦交通局10日对外展示了两台崭新的氢能源公交车，它们即将在伦敦市中心上路载客，英国首条氢能源公交线路也将由此开通。,新华网,,2010/12/14,2010,yutong.com,宇通客车,,,,,zh,英国,,
text_97b49a44ed6ce0e56c2ad1722ac65cd2.txt,97b49a44ed6ce0e56c2ad1722ac65cd2,鲍里斯·约翰逊的风力发电承诺受到抨击 - ZONWE咱文,https://www.zonwe.com/t/269373,,鲍里斯·约翰逊(Boris Johnson)的风力发电承诺受到抨击，批评人士称他无法实现到2030年让每个家庭都变得绿色的目标。昨晚，鲍里斯·约翰逊(Boris Johnson)是否有能力兑现他...,,,2020/10/7,2020,zonwe.com,咱文,,,,,zh,英国,,
text_e4917d2ded1ec44a6a887335ebaba2c6.txt,e4917d2ded1ec44a6a887335ebaba2c6,英国首相体验电动货车VN5 LEVC持续推动全球出行向“碳中和”迈进【levc吧】,https://tieba.baidu.com/p/7623424343,"百度贴吧,levc5,LEVC,国首",英国首相体验电动货车..“碳达峰”、“碳中和”已经成为全球社会经济发展的最重要议题，世界上70多个国家都在倡导减少碳排放，力争早日实现“净零排放”，成为全球共识、大势所趋的目标。近日，英国首相鲍里斯亲测由LEVC英伦电动汽车,,,2021/11/23,2021,baidu.com,百度贴吧,,,,,zh,英国,,
