fileId,orgin_fileId,title,url,keywords,description,source,author,date,year,domainName,websiteName,views,comments,likes,forwardings,language,area,title_in_article,news_category,Unnamed: 19,Unnamed: 20,Unnamed: 21,Unnamed: 22,Unnamed: 23,Unnamed: 24,Unnamed: 25,Unnamed: 26,Unnamed: 27,Unnamed: 28,Unnamed: 29,Unnamed: 30,Unnamed: 31,Unnamed: 32,Unnamed: 33,Unnamed: 34,Unnamed: 35,Unnamed: 36,Unnamed: 37,Unnamed: 38,Unnamed: 39,Unnamed: 40,Unnamed: 41,Unnamed: 42,Unnamed: 43,Unnamed: 44,Unnamed: 45,Unnamed: 46,Unnamed: 47,Unnamed: 48,Unnamed: 49,Unnamed: 50,Unnamed: 51,Unnamed: 52,Unnamed: 53,Unnamed: 54
text_5a78a1e9529d6dcd86ab93396ea77609.txt,5a78a1e9529d6dcd86ab93396ea77609,未来10年印尼可再生能源比例将提到25%,https://news.bjx.com.cn/html/20160721/753794.shtml,"未来10年印尼可再生能源比例将提到25%,可再生能源,风电市场,风电",未来10年印尼可再生能源比例将提到25%，随着能源需求日益增长，印尼正计划在不久的将来增加可再生能源使用。7月19日，印尼能源及自然资源部长SudirmanSaid表示，未来10年内，政府旨在把可再生能源使用比例从当前的低于10%提高到25%。印尼拥有巨大潜力发展,世纪新能源网,,2016/7/21,2016.0,news.bjx.com.cn,北极星网,,,,,zh,印尼,,,,,,,,,,,,,,,,,,,,,,,,,,,,,,,,,,,,,,
text_b584b918427af0cab1a34468827b756d.txt,b584b918427af0cab1a34468827b756d,印尼承诺2030年前减少29%碳排放,https://www.antpedia.com/news/98/n-1274798.html,"二氧化碳,碳排放",一位印尼的伐木工正在作业 据《卫报》报道，印度尼西亚环境与林业部长巴卡尔（Siti Nurbaya Bakar）近日表示，印尼将承诺2030年前实现二氧化碳排放减少29%，但是并未给出如何减排的相关细节。 印尼境内的热带雨林覆盖面积位居全球第三，同时印尼还是世界最大的棕榈油生产国。因此，在今年即将召开的联合国巴黎气候大会上，印尼将扮演重要角色。 印尼此前曾,,,2015.9.11,2015.0,www.antpedia.com,分析测试百科网,378,,0.0,,zh,印尼,,,,,,,,,,,,,,,,,,,,,,,,,,,,,,,,,,,,,,
text_e148d974a1c87a8ba3f58c30790cf662.txt,e148d974a1c87a8ba3f58c30790cf662,印尼称2030年能减少70%碳排放,https://www.antpedia.com/news/17/n-95817.html,"气候变化,印尼,温室气体,科学,中国",印度尼西亚气候变化国家委员会最近的一份报告显示，印尼在2030年能用相对较低的成本减少70%的温室气体排放，但是印尼政府还是希望得到发达国家的支持。 报告预测，到2030年，印尼温室气体排放将增加60%，达到33亿吨。但是，通过在林业、水泥、电力、石油天然气、农业、交通和建筑这八大行业采取措施，印尼能削减70%的排放。 报告中提到：“到2030年，印尼温室,,,2010.9.09,2010.0,www.antpedia.com,分析测试百科网,281,,0.0,,zh,印尼,,,,,,,,,,,,,,,,,,,,,,,,,,,,,,,,,,,,,,
text_665d2c46ba26e40ac0c4a2216e6f412a.txt,665d2c46ba26e40ac0c4a2216e6f412a,印度尼西亚拟建设国内首座核电厂,https://www.cnnpn.cn/article/20371.html,"核电,核电厂",2020年7月24日，印度尼西亚驻俄罗斯大使穆罕默德·瓦希德·苏普里亚迪(Mohamad Wahid Supriyad)称，印度尼西亚政府正考虑俄罗斯国家原子能公司(Rosatom)提出的在该国建设首座核电厂的提议。,核电 核电厂 印度尼西亚核电,,2020/7/30,2020.0,www.cnnpn.cn,中国核电网,,,,,zh,印尼,,,,,,,,,,,,,,,,,,,,,,,,,,,,,,,,,,,,,,
text_8f68bb78b59973fc8ec0a9df99edfd60.txt,8f68bb78b59973fc8ec0a9df99edfd60,印尼政府开始考虑使用核电,https://www.cnnpn.cn/article/26391.html,"中国核电网,核电行业新闻,中国核电技术,华龙一号,中国核电站,核电项目,核电新闻",阿里芬就此事确定印尼已准备有关从2021年至2060年净零排放能源过渡时期的线路图。他日前出席由印尼工商会举办的主题为“印尼从净零排放至能源过渡时期的能源转型之路”的线上讨论会说：“其中要实施的主要策略就是在2045年使用核能发电。2060年全国电站电机容装量将达到35吉瓦或3500万千瓦。”,印度尼西亚核电,,2021/11/6,2021.0,www.cnnpn.cn,中国核电网,,,,,zh,印尼,,,,,,,,,,,,,,,,,,,,,,,,,,,,,,,,,,,,,,
text_b221a48a7432a522894ca0d45a2de8c0.txt,b221a48a7432a522894ca0d45a2de8c0,印度尼西亚145MW浮式光伏发电站动工 计划2022年Q4完工,https://guangfu.bjx.com.cn/news/20210810/1168864.shtml,"印度尼西亚145MW浮式光伏发电站动工 计划2022年Q4完工,浮式光伏电站,光伏项目建设,印尼光伏市场",印度尼西亚145MW浮式光伏发电站动工 计划2022年Q4完工，总部设在阿布扎比的可再生能源集团Masdar和印度尼西亚能源公司PTPJB已经为位于西爪哇Cirata水库225公顷水面的145MWCirata浮式光伏电站完成财务结算。两家公司之前于2020年1月与当地国有电力公司PerusahaanListrikNeg,pv magazine,,2021/8/10,2021.0,news.bjx.com.cn,北极星网,,,,,zh,印尼,,,,,,,,,,,,,,,,,,,,,,,,,,,,,,,,,,,,,,
text_459911bd2c9180c73a7314db79f1f480.txt,459911bd2c9180c73a7314db79f1f480,印尼光伏市场及政策简析,https://guangfu.bjx.com.cn/news/20171025/857533.shtml,"印尼光伏市场及政策简析,光伏发电,可再生能源发电,印度尼西亚光伏市场",印尼光伏市场及政策简析，随着光伏行业的发展，受制于当地消纳及电力传输等制约，国内地面电站的新增数量已明显下降。与此同时越来越多的光伏企业开始把目光投向海外，在此过程中，由于地理位置靠近中国，东南亚的一些国家受到中国企业的关注,PV兔子,,2017/10/25,2017.0,news.bjx.com.cn,北极星网,,,,,zh,印尼,,,,,,,,,,,,,,,,,,,,,,,,,,,,,,,,,,,,,,
text_312d4ecb5baf10bd296435f792377214.txt,312d4ecb5baf10bd296435f792377214,太阳能公司在印尼与可再生能源政策斗争,https://guangfu.bjx.com.cn/news/20190813/999466.shtml,"太阳能公司在印尼与可再生能源政策斗争,太阳能光伏,屋顶太阳能,印度尼西亚光伏市场",太阳能公司在印尼与可再生能源政策斗争，印度尼西亚的太阳能公司正在努力保持其利润率不变。印度尼西亚政府已宣布到2025年可再生能源目标达到23%。为了推动可再生能源的安装，政府通过不同的部门引入了各种法规。然而，公司正在抗议一些法规，因为他们认为,Power Technology/GlobalData Ener,,2019/8/13,2019.0,news.bjx.com.cn,北极星网,,,,,zh,印尼,,,,,,,,,,,,,,,,,,,,,,,,,,,,,,,,,,,,,,
text_78f7f9731543f3d3125927b411644e04.txt,78f7f9731543f3d3125927b411644e04,全球能源大视野丨印度尼西亚可再生能源储量及开发情况,https://guangfu.bjx.com.cn/news/20200515/1072799.shtml,"全球能源大视野丨印度尼西亚可再生能源储量及开发情况,可再生能源,光伏发电,印度尼西亚光伏市场",全球能源大视野丨印度尼西亚可再生能源储量及开发情况，印度尼西亚位于亚洲东南部（东经94°45′~141°05′，北纬6°08′~南纬11°15′），是东南亚面积最大的国家，也是世界重要的海洋国家。印度尼西亚由太平洋和印度洋之间17508个大小岛屿组成，其中约6000个有人居住，,中电传媒数据研发中心,,2020/5/15,2020.0,news.bjx.com.cn,北极星网,,,,,zh,印尼,,,,,,,,,,,,,,,,,,,,,,,,,,,,,,,,,,,,,,
text_66b4aff4ef18b67c3c159e096495b538.txt,66b4aff4ef18b67c3c159e096495b538,印尼首批光伏项目投产,https://news.solarbe.com/201902/27/303165.html,"印尼首批光伏项目投产,印尼光伏,光伏项目",2月17日，随着Likupang光伏项目并网成功，中国能建规划设计集团云南院设计的印尼Selong、Pringgabaya、Sengkol和Likupang四个光伏项目全部顺利并网投产。此四个光伏项目是印尼首批投产的光伏发电项目。据云南院专业,电力网                ,,2019/2/27,2019.0,news.solarbe.com,索比光伏网,,,,,zh,印尼,,,,,,,,,,,,,,,,,,,,,,,,,,,,,,,,,,,,,,
text_56f5b9174f9c689e62a2475f9e185e26.txt,56f5b9174f9c689e62a2475f9e185e26,值得注意 印尼大型浮式光伏项目将按$0.0368/kWh售电,https://news.solarbe.com/202102/04/334598.html,"值得注意 印尼大型浮式光伏项目将按$0.0368/kWh售电,光伏设施,RUEN,太阳能装机",印尼经济在过去二十年间经历了令人印象深刻的增长，其能源需求也不断翻番。尽管印尼对更多发电产能具有强烈需求，但国内电力结构仍以火力发电厂为主，使用可再生能源的新造电厂并网速度非常缓慢。以太阳能为例，根据,pv-magazine                ,,2021/2/4,2021.0,news.solarbe.com,索比光伏网,,,,,zh,印尼,,,,,,,,,,,,,,,,,,,,,,,,,,,,,,,,,,,,,,
text_ac094adb87126139e540d9bb46a67eb2.txt,ac094adb87126139e540d9bb46a67eb2,新法令将提振印尼太阳能市场,https://guangfu.bjx.com.cn/news/20160803/758188.shtml,"新法令将提振印尼太阳能市场,光伏发电,光伏补贴,印尼太阳能市场",新法令将提振印尼太阳能市场，现状及背景印尼工商业太阳能市场不振，很大程度上是由于缺乏明确的支持机制与透明的政策框架。在2013年引入反向拍卖之前，印尼太阳能光伏行业的发展只能借助政府项目招标和PLN（印尼国家电力公司）少数电力拍卖实现,pv-magazine,,2016/8/3,2016.0,news.bjx.com.cn,北极星网,,,,,zh,印尼,,,,,,,,,,,,,,,,,,,,,,,,,,,,,,,,,,,,,,
text_773820686243866a215e040744b78ecc.txt,773820686243866a215e040744b78ecc,Sunseap签署印尼2.2GW漂浮太阳能 + 4000MWh储能备忘录,https://www.sohu.com/a/479086264_418320,"巴淡岛,Phuan,水库,能源,太阳能,印尼,项目,Sunseap,Batam,储能,巴淡岛,太阳能,印尼,电站,Frank",Sunseap计划在巴淡岛南部的durangkang水库建设一个2.2GW的漂浮太阳能项目。 Sunseap首席执行官Frank Phuan表示:“在我们完成新加坡柔佛海峡的第一个海上漂浮太阳能项目之后，…,,Solarbe索比光伏网,2021/7/23,2021.0,www.sohu.com,搜狐,3526,0,0.0,,zh,印尼,,,,,,,,,,,,,,,,,,,,,,,,,,,,,,,,,,,,,,
text_829f51dc0fc3c998a94bd16e3b55655b.txt,829f51dc0fc3c998a94bd16e3b55655b,到2030年 印度累计部署储能系统规模将达27GW/108GWh,http://chuneng.bjx.com.cn/news/20220126/1201545.shtml,,到2030年 印度累计部署储能系统规模将达27GW/108GWh，据外媒报道，储能技术提供商Fluence公司日前表示，计划与印度独立电力生产商(IPP)ReNewPower公司合资成立一家新公司，旨在为印度提供储能解决方案。Fluence公司还将为印度可再生能源领域提供数字资产管理和能源交易,,,,,chuneng.bjx.com.cn,北极星氢能网,,,,,zh,印尼,,,,,,,,,,,,,,,,,,,,,,,,,,,,,,,,,,,,,,
text_473890b4dfa6b0a21c66f4e7c91dcca9.txt,473890b4dfa6b0a21c66f4e7c91dcca9,印尼电池储能市场优势明显，前景可期,https://www.sohu.com/a/329500892_416504,特斯拉  汽车  电池  ,与北美、澳大利亚等其他新兴太阳能光伏市场相比，中国-东盟自由贸易区已经启动，中国和许多东盟国家的贸易都步入了”零关税”时代，所以即使中国太阳能光伏企业在国内生产相关产品后再出口到东盟国家，成本优势也会…,,找展会,2019/7/26,2019.0,www.sohu.com,搜狐,6898,0,,,zh,印尼,,,,,,,,,,,,,,,,,,,,,,,,,,,,,,,,,,,,,,
text_d7d1b076075af0b151694cc7d10eb379.txt,d7d1b076075af0b151694cc7d10eb379,印尼预计2025年可再生能源占比升至23％！还邀中国投资者前往投资,https://new.qq.com/omn/ENT20190/20210628A0CIBK00.html,"印尼预计2025年可再生能源占比升至23％！还邀中国投资者前往投资,印度尼西亚_财经,再生能源,中国投资者,国际能源机构",印尼预计2025年可再生能源占比升至23％！还邀中国投资者前往投资,,,2021/6/28,2021.0,new.qq.com,腾讯网,,,,,zh,印尼,,finance,,,,,,,,,,,,,,,,,,,,,,,,,,,,,,,,,,,,
text_ef979b0d21ee4b81ec19ecff740dc2fc.txt,ef979b0d21ee4b81ec19ecff740dc2fc,印尼可再生能源2022年投资建设法律法规指南,https://new.qq.com/rain/a/20211115A02SK700,"印尼可再生能源2022年投资建设法律法规指南,再生能源,印度尼西亚_财经,能源,电力,雅加达",印尼可再生能源2022年投资建设法律法规指南,,,2021/11/15,2021.0,new.qq.com,腾讯网,,,,,zh,印尼,,finance,,,,,,,,,,,,,,,,,,,,,,,,,,,,,,,,,,,,
text_51c07a8b4e037902b9b959d5732048e3.txt,51c07a8b4e037902b9b959d5732048e3,Gravas参与印尼未来十年采购1.2吉瓦可再生能源,https://www.163.com/dy/article/GTK2RBRU0552VDHN.html,"吉瓦,地热能,印尼,能源",Gravas参与印尼未来十年采购1.2吉瓦可再生能源，吉瓦，地热能，印尼，能源,网易,聚一堂每日点评,2022/1/13,2022.0,163.com,网易,,0,,,zh,印尼,,地热能,,,,,,,,,,,,,,,,,,,,,,,,,,,,,,,,,,,,
text_ac9ccf8e8601ec6e346dd6329fe9cc2b.txt,ac9ccf8e8601ec6e346dd6329fe9cc2b,印尼：中爪哇省寻求21％的可再生能源贡献,http://www.nengyuanjie.net/article/15636.html,"中国能源,能源新闻,能源科技,电力,电网,煤炭,石油,储能,天然气,火电,水电,风电,核电,太阳能,光伏,光热,氢能，节能,环保,地热能,大讲堂,全球能源,能源政策,能源经济,气候变化,碳排放",位于中爪哇的Geo Dipa Energi的Dieng地热发电厂是该国可再生能源的主要来源之一。到2025年，中爪哇政府的目标是满足该省21%的可再生能源总需求 - 低于全国23%的目标。根据能源和矿产资源部中爪哇办事处电力部门负责人伊玛目Nugroho的说法，可再生能源目前对该省的总能源需求贡献了10%。他说：我们正在制定一项章程，该法规将按照2025年的国家目标达到23%。五年前在中爪哇开始了四个可再生能源项目，涉及三宝垄的垃圾填埋沼气转化为能源，Karimu...,,,2018/8/9,2018.0,www.nengyuanjie.net,能源界,1020??,,-6.0,,zh,印尼,,,,,,,,,,,,,,,,,,,,,,,,,,,,,,,,,,,,,,
text_b5bacade0c150e8f15bd9bed8a8452e7.txt,b5bacade0c150e8f15bd9bed8a8452e7,中华人民共和国驻印度尼西亚共和国大使馆经济商务处,http://id.mofcom.gov.cn/article/gyyq/201906/20190602873043.shtml,"参赞,经商处,合作,企业,,",参赞，经商处，合作，企业,驻印度尼西亚经商参处,,2019/6/15,2019.0,mofcom.gov.cn,中华人民共和国商务部,,,,,zh,印尼,,,,,,,,,,,,,,,,,,,,,,,,,,,,,,,,,,,,,,
text_67664e225133c42ab98409a2cb45e1fb.txt,67664e225133c42ab98409a2cb45e1fb,印尼增加可再生能源发电量,http://www.ccin.com.cn/detail/cb4c2efacb528593e7ac84197ad50ddd/news,,中化新网,中国化工报,王英斌??,2019年12月30日,2019.0,www.ccin.com.cn,中化新网,,,,,zh,印尼,,,,,,,,,,,,,,,,,,,,,,,,,,,,,,,,,,,,,,
text_64dfd29e46cfc3471650f8b0aec3e9f7.txt,64dfd29e46cfc3471650f8b0aec3e9f7,地热能是印尼实现2029年可再生能源目标的关键要素,https://newenergy.in-en.com/html/newenergy-2399758.shtml, 印尼地热能 可再生能源 地热能源 ,地热能是印尼实现2029年可再生能源目标的关键要素，印尼Sarulla地热电厂1号机组据印尼Kontan网站报道，印尼的几个能源协会参与了印尼能源和矿产资源部制定的2020-2029年电力供应商业计划(RUPTL)草案的工作。该草案...，国际新能源网,,,2021/1/19,2021.0,in-en.com,国际电力、风力、太阳能等杂网,,,,,zh,印尼,,,,,,,,,,,,,,,,,,,,,,,,,,,,,,,,,,,,,,
text_152941aa567e8682ae1e17d9277e5b16.txt,152941aa567e8682ae1e17d9277e5b16,未来10年印尼可再生能源比例将提至25%,https://guangfu.bjx.com.cn/news/20160720/753325.shtml,"未来10年印尼可再生能源比例将提至25%,可再生能源,太阳能发电,印尼光伏市场",未来10年印尼可再生能源比例将提至25%，随着能源需求日益增长，印尼正计划在不久的将来增加可再生能源使用。7月19日，印尼能源及自然资源部长SudirmanSaid表示，未来10年内，政府旨在把可再生能源使用比例从当前的低于10%提高到25%。印尼拥有巨大潜力发展,电缆网,,2016/7/20,2016.0,news.bjx.com.cn,北极星网,,,,,zh,印尼,,,,,,,,,,,,,,,,,,,,,,,,,,,,,,,,,,,,,,
text_17dc8192555143ae59454a7eada17282.txt,17dc8192555143ae59454a7eada17282,全球能源大视野丨印度尼西亚可再生能源储量及开发情况,https://www.sohu.com/a/395725242_418320,"印尼,能源,储量,开发,太阳能,资源,世界,的国家,全球,苏拉威西",其中印尼是世界上第 16 大产油国;印尼还拥有巨大的天然气储量，其中已探明的天然气储量为 2.9 万亿立方米;印尼的地热资源约占全球总量的40%;印尼的水能资源在东盟各国中最为丰富;此外印尼还拥有较为丰富的太…,,Solarbe索比光伏网,2020/5/17,2020.0,www.sohu.com,搜狐,1757,0,0.0,,zh,印尼,,,,,,,,,,,,,,,,,,,,,,,,,,,,,,,,,,,,,,
text_1886a59c70c70df8dcfdfc0091782718.txt,1886a59c70c70df8dcfdfc0091782718,印尼PLN2021战略：退煤，加大水电、水上光伏和智能电网规划,https://new.qq.com/omn/20210813/20210813A05R5400.html,"印尼PLN2021战略：退煤，加大水电、水上光伏和智能电网规划,印度尼西亚_财经,智能电网,可再生能源",在全球可再生能源发展和气候环境保护的大环境下，印尼国家电力公司PLN以及能矿部在2021年也提出了战略方面的转向调整，包括提出退煤路线图、大力发展水电、水上光伏和智能电网等。PLN柴油替代和退煤路线……,,,2021/8/13,2021.0,new.qq.com,腾讯网,,,,,zh,印尼,,politics,,,,,,,,,,,,,,,,,,,,,,,,,,,,,,,,,,,,
text_48228c52ff9f6b893b0628b07f51e912.txt,48228c52ff9f6b893b0628b07f51e912,印尼拟大力发展水电 中国电力企业或再拓市场,https://news.bjx.com.cn/html/20140211/490206.shtml,"印尼拟大力发展水电 中国电力企业或再拓市场,水力发电,印尼,电力企业",印尼拟大力发展水电 中国电力企业或再拓市场，印尼水力资源丰富，但开发率极低，印尼官员呼吁大力发展水力发电，既缓解燃油补贴压力，又节能环保。国会日前也通过国家能源政策，暂不考虑核电。印尼国家发展计划部部长助理德迪日前称，印尼拥有丰富的水力资源，水,中国新闻网,,2014/2/11,2014.0,news.bjx.com.cn,北极星网,,,,,zh,印尼,,,,,,,,,,,,,,,,,,,,,,,,,,,,,,,,,,,,,,
text_c756e682792a835911f2003f99450cf8.txt,c756e682792a835911f2003f99450cf8,丰田将在印尼投资20亿美元 用于研发新能源汽车,http://dy.163.com/article/FH44LLLK0511CTRI.html,"新能源汽车,丰田,电动车,新能源车,混合动力",丰田将在印尼投资20亿美元 用于研发新能源汽车，新能源汽车，丰田，电动车，新能源车，混合动力,网易,驱动中国,2020/7/9,2020.0,163.com,网易,,3,,,zh,印尼,,电动车|新能源车|混合动力,,,,,,,,,,,,,,,,,,,,,,,,,,,,,,,,,,,,
text_ce5f4d7bda6d2da7869759f3e4956b44.txt,ce5f4d7bda6d2da7869759f3e4956b44,印尼国会通过国家新能源政策,http://www.antpedia.com/news/83/n-379429.html,"新能源,政策,能源,委员会,天然气,太阳能,可再生能源,核电站",近日，印尼国会正式通过了国家新能源政策，即将逐步用再生能源取代传统石化能源。印尼能源与矿产资源部长兼国家能源委员会代主席瓦基克表示，批准这项政策具有里程碑意义。新能源政策计划到2025年将使用传统能源从目前的49%减至低于25%，到2050年低于20%;使用天然气由目前的20%到 2025年至少22%，到2050年至少24%。未来政府将重点发展太阳能、水能,,,2014.2.10,2014.0,www.antpedia.com,分析测试百科网,161,,0.0,,zh,印尼,,,,,,,,,,,,,,,,,,,,,,,,,,,,,,,,,,,,,,
text_ae2f5e7cf3e6dcf7157e2d2e191288bf.txt,ae2f5e7cf3e6dcf7157e2d2e191288bf,印尼PLN计划对52个煤电进行生物质耦合改造,https://new.qq.com/omn/ENT20190/20210719A0BJSS00.html,"印尼PLN计划对52个煤电进行生物质耦合改造,生物质,印度尼西亚_财经,煤电,电力,可再生能源",印尼PLN计划对52个煤电进行生物质耦合改造,,,2021/7/19,2021.0,new.qq.com,腾讯网,,,,,zh,印尼,,social,,,,,,,,,,,,,,,,,,,,,,,,,,,,,,,,,,,,
text_text_39bfced676bd34abe40cef4db8f087c6.txt,text_39bfced676bd34abe40cef4db8f087c6,印尼工信部鼓励发展低碳排放产业,https://xw.qq.com/cmsid/20211221A01VFG00,"印尼,工信部,工业部,多迪,温室气体,印尼工信部鼓励发展低碳排放产业",印尼工信部鼓励发展低碳排放产业，印尼工业部继续推动国内实施绿色产业，其中采取的措施是举办各种活动，让行业参与者和包括学术界在内的其他利益相关者共同合作，共同创建一个低碳排放和环保的国内产业。印尼工业部标准化和工业服务政策局局长多迪……,,印尼全方位,2021/12/21,2021.0,xw.qq.com,腾讯新闻,,,,,zh,印尼,,,,,,,,,,,,,,,,,,,,,,,,,,,,,,,,,,,,,,
text_8575cd21fafd807b5d864c7657804c94.txt,8575cd21fafd807b5d864c7657804c94,推荐阅读,https://world.huanqiu.com/hot/2015-07/7156678.html,"我们,经济,20,一个,发展,经济学家,论坛,各国",7月30日-8月1日，由中国人民大学主办，中国人民大学重阳金融研究院承办的“第三届20国智库论坛”在北京举办。本次论坛主题为“全球治理与开放型经济”，中国经济网为合作媒体。图为东亚东盟经济研究中心,中国经济网,,2015/7/31,2015.0,huanqiu.com,环球网,,,,,zh,印尼,,,,,,,,,,,,,,,,,,,,,,,,,,,,,,,,,,,,,,
text_4554159fd2c4027fe10b2271a3ff3964.txt,4554159fd2c4027fe10b2271a3ff3964,低碳成为全球目标，中企投资境外火电面临高风险！,https://www.sohu.com/a/474705851_257552,"全球,投资,火电,印尼,目标,项目,国家电力公司,临高,低碳,煤电,加里曼丹,印尼,煤电",根据国际环保组织“绿色和平”“海外煤电投资数据库”，中国企业和金融机构以各种形式在海外参与投资建设的煤电项目总装机量为257.7GW，其中印尼有32.9GW，且印尼在建的煤电项目中，有近6GW装机量是由…,,国际能源网,2021/6/29,2021.0,www.sohu.com,搜狐,127,0,0.0,,zh,印尼,,,,,,,,,,,,,,,,,,,,,,,,,,,,,,,,,,,,,,
text_01ba86360ce461eeba0cb29f8b029a4a.txt,01ba86360ce461eeba0cb29f8b029a4a,印尼工信部鼓励发展低碳排放产业,https://new.qq.com/omn/20211221/20211221A01VFG00.html,"印尼工信部鼓励发展低碳排放产业,",印尼工业部继续推动国内实施绿色产业，其中采取的措施是举办各种活动，让行业参与者和包括学术界在内的其他利益相关者共同合作，共同创建一个低碳排放和环保的国内产业。 印尼工业部标准化和工业服务政策局局长多迪（Doddy Rahadi）20日在新闻稿中说：“为了推动低碳产业的实施，我们开展了工业部工作单位安汶研究标准化中...,,,2021/12/21,2021.0,new.qq.com,腾讯网,,,,,zh,印尼,,,,,,,,,,,,,,,,,,,,,,,,,,,,,,,,,,,,,,
text_ff1d2001f59601f5c5939748d1a249b8.txt,ff1d2001f59601f5c5939748d1a249b8,印尼煤炭地位“并未动摇”，碳减排目标“仍有提升空间”,https://www.xianjichina.com/news/details_264786.html,"印尼煤炭,碳减排",“淘汰煤炭，我们真的做不到。”印尼环境和林业部气候变化控制总监Ruandha Agung Sugardirman近日公开如此表示。与此同时，印尼已经作出了“到2070年实现温室气体净零排放”的承诺。业界普遍担忧，继续维持以煤炭为主的能源结,股市360,,2021/5/10,2021.0,www.xianjichina.com,贤集网,,,,,zh,印尼,,,,,,,,,,,,,,,,,,,,,,,,,,,,,,,,,,,,,,
text_c2131ff24943b0d4e671ee36264ae6e7.txt,c2131ff24943b0d4e671ee36264ae6e7,印尼煤炭开采协会反对出口禁令 要求能矿部撤回；2021年煤价跌宕起伏 2022年煤炭市场何去何从?,https://www.sohu.com/a/514168535_121119270,"供应,出口,能源,宁夏,印尼,煤炭,电力,开采,赫利尔,禁令,长协,宁夏,煤炭,赫利尔,煤价",“2021年，印尼煤炭生产商协会（ICMA）成员尽最大努力完成规定的25%的国内煤炭供应，部分煤企国内供应量甚至已经超过25%；协会成员也一直遵守对印尼国家电力公司及独立电厂的煤炭供应限价政策。”202…,,郑哥在菜场,2022/1/4,2022.0,www.sohu.com,搜狐,102,0,0.0,,zh,印尼,,,,,,,,,,,,,,,,,,,,,,,,,,,,,,,,,,,,,,
text_059f8e5e38e64d0610a43fa5160df645.txt,059f8e5e38e64d0610a43fa5160df645,印尼政府：不会为了更有野心的减碳目标“牺牲经济”,https://www.sohu.com/a/411556003_100063343,"印尼政府,目标,野心,气候,承诺,全球,国家,计划,经济,Climate,消息资讯,印尼,气候,碳排,能源,经济",印尼政府去年也曾一度考虑要将该国的减排目标提升到45%，但之后又决定固守比较低的目标。 “我们的原则是要落实原本已经决定的目标，这是我们在马德里提出的要求”，他补充，并提及去年碳排大国在联合国气候峰会上被…,,国际环保在线网站,2020/8/5,2020.0,www.sohu.com,搜狐,501,0,0.0,,zh,印尼,,,,,,,,,,,,,,,,,,,,,,,,,,,,,,,,,,,,,,
text_8d0c25946f1eb71c10041448522b5f65.txt,8d0c25946f1eb71c10041448522b5f65,中华人民共和国驻印度尼西亚共和国大使馆经济商务处,http://id.mofcom.gov.cn/article/jjxs/202201/20220103234780.shtml,"参赞,经商处,合作,企业,,",参赞，经商处，合作，企业,驻印度尼西亚共和国大使馆经济商务处,,2021/12/29,2021.0,mofcom.gov.cn,中华人民共和国商务部,,,,,zh,印尼,,,,,,,,,,,,,,,,,,,,,,,,,,,,,,,,,,,,,,
text_8f6245c8727f1349f6fa59ac684b6abf.txt,8f6245c8727f1349f6fa59ac684b6abf,印尼萨鲁拉将建成全球最大的地热电站,https://www.sohu.com/a/9999737_130751,"印尼,将建,建成,成全,全球,最大,地热,热电站",2014年，筹备了25年的萨鲁拉（Sarulla）地热电站开始建设，即将建成世界最大的地热发电站。,,地大热能,2015/4/9,2015.0,www.sohu.com,搜狐,966,0,0.0,,zh,印尼,,,,,,,,,,,,,,,,,,,,,,,,,,,,,,,,,,,,,,
text_dcdc37a003e88da7632bfe0094ccc948.txt,dcdc37a003e88da7632bfe0094ccc948,印尼开发可再生能源的八项策略,http://dy.163.com/article/GDK4ON6N05373TW4.html,"清洁能源,矿产,能源,发电厂",印尼开发可再生能源的八项策略，清洁能源，矿产，能源，发电厂,网易,袁琳说娱乐,2021/6/28,2021.0,163.com,网易,,0,,,zh,印尼,,清洁能源|矿产|发电厂,,,,,,,,,,,,,,,,,,,,,,,,,,,,,,,,,,,,
text_3eea0c1be08669f0874cd2f3b773a5ec.txt,3eea0c1be08669f0874cd2f3b773a5ec,印尼计划大幅提高清洁能源的使用,https://www.in-en.com/article/html/energy-2244578.shtml, 清洁能源 天然气资源 可再生能源 ,印尼计划大幅提高清洁能源的使用据道琼斯2月12日消息，周四在巴厘岛举行的清洁能源论坛上，印尼副总统Jusuf Kalla表示，未来十年印尼计划大幅扩大清洁能源的使用国际能源要闻 能源要闻 国际能源网-能源资讯中心国际能源要闻栏目提供最新最全的国际能源要闻资讯信息，涵盖国际能源要闻动态信息、国际能源要闻研究，国际能源要闻分析国际能源要闻新闻资讯等信息。能源资讯,,,2016/2/17,2016.0,in-en.com,国际电力、风力、太阳能等杂网,,,,,zh,印尼,,,,,,,,,,,,,,,,,,,,,,,,,,,,,,,,,,,,,,
text_585e5d0c874393813006eb1e5107bd29.txt,585e5d0c874393813006eb1e5107bd29,印尼国油和马斯达尔签署清洁能源开发协议,https://oil.in-en.com/html/oil-2931009.shtml, 印尼国油 清洁能源开发 马斯达尔 ,印尼国油和马斯达尔签署清洁能源开发协议，据世界天然气11月8日消息称，印度尼西亚国有石油和天然气公司印尼国家石油公司已与总部位于阿布扎比的马斯达尔清洁能源公司签署协议，在印度尼西亚开发清洁能源...，国际石油网,中国石化新闻网??,朱佳妮,2021/11/10,2021.0,in-en.com,国际电力、风力、太阳能等杂网,,,,,zh,印尼,,,,,,,,,,,,,,,,,,,,,,,,,,,,,,,,,,,,,,
text_e491e499ee779bc8e374d496f68f4642.txt,e491e499ee779bc8e374d496f68f4642,印尼禁止煤炭出口，中国要大力发展清洁能源,https://new.qq.com/omn/20220104/20220104A08FZO00.html,"印尼禁止煤炭出口，中国要大力发展清洁能源,清洁能源,印尼,煤炭,出口,煤电",2022开年，印尼政府宣布禁止出口动力煤一个月。印尼是中国最大的动力煤进口来源，因此印尼政府的这一决定对我国国内动力煤市场会造成冲击。要知道，我国去年每月从印尼进口动力煤接近1700万吨，全年总量约……,,,2022/1/4,2022.0,new.qq.com,腾讯网,,,,,zh,印尼,,finance,,,,,,,,,,,,,,,,,,,,,,,,,,,,,,,,,,,,
text_a661490a5cf6a8efe92336c8ac7b219d.txt,a661490a5cf6a8efe92336c8ac7b219d,印尼：到2025年清洁能源投资达1070亿美元,https://www.in-en.com/article/html/energy-2256192.shtml, 清洁能源 地热能 ,印尼：到2025年清洁能源投资达1070亿美元据印尼能源部透露，印尼要实现清洁能源占全国发电比例23%的目标需要投资1070亿美元。印度政府计划到2025年，实现清洁能源占比达到23%。与此同时，在去年COP21会议上，印尼政府承诺，到2030年实国际能源要闻 能源要闻 国际能源网-能源资讯中心国际能源要闻栏目提供最新最全的国际能源要闻资讯信息，涵盖国际能源要闻动态信息、国际能源要闻研究，国际能源要闻分析国际能源要闻新闻资讯等信息。能源资讯,,,2016/8/23,2016.0,in-en.com,国际电力、风力、太阳能等杂网,,,,,zh,印尼,,,,,,,,,,,,,,,,,,,,,,,,,,,,,,,,,,,,,,
text_3a2c88b226ea12a17d8f63873d31205c.txt,3a2c88b226ea12a17d8f63873d31205c,美两石油巨头将向印尼供应天然气,https://news.bjx.com.cn/html/20090201/184877.shtml,"美两石油巨头将向印尼供应天然气,印尼,,",美两石油巨头将向印尼供应天然气，据挪威《上游在线》1月23日雅加达报道，印度尼西亚当地媒体1月22日报道说，美国最大的石油公司埃克森美孚公司和美国第2大石油公司雪佛龙公司日前与印度尼西亚签署了数项价值数十亿美元的旨在向印度尼西亚国内化肥和,国际能源网,,2009/2/1,2009.0,news.bjx.com.cn,北极星网,,,,,zh,印尼,,,,,,,,,,,,,,,,,,,,,,,,,,,,,,,,,,,,,,
text_a94697a687ad6519722a10a5189f474c.txt,a94697a687ad6519722a10a5189f474c,道达尔与印尼国油签署液化天然气储存协议,http://finance.sina.com.cn/money/future/nyzx/2021-09-03/doc-iktzscyx2010621.shtml,"道达尔,液化天然气,中国石化,终端,道达尔,液化天然气,中国石化,终端",原标题：道达尔与印尼国油签署液化天然气储存协议,,中国石化新闻网,2021/9/3,2021.0,finance.sina.com.cn,新浪财经,,,,,zh,印尼,,,,,,,,,,,,,,,,,,,,,,,,,,,,,,,,,,,,,,
text_13b25cef5414cb50ce2c849b32186cdc.txt,13b25cef5414cb50ce2c849b32186cdc,BP在印尼20亿美元的天然气项目获批,https://new.qq.com/omn/20210825/20210825A01LU700.html,"BP在印尼20亿美元的天然气项目获批,英国石油公司,印尼,天然气",中国石化新闻网讯 据《能源年》8月20日雅加达报道，印尼政府机构周三表示，印尼上游监管机构SKK Migas已批准英国石油公司Tangguh液化天然气项目下一阶段的计划。该开发项目包括从Ubadar……,,,2021/8/25,2021.0,new.qq.com,腾讯网,,,,,zh,印尼,,finance,,,,,,,,,,,,,,,,,,,,,,,,,,,,,,,,,,,,
text_6d2bc5d8f461c588fa438271d9ef50de.txt,6d2bc5d8f461c588fa438271d9ef50de,印尼天然气储藏量丰富但50年后开采殆尽,https://www.chinanews.com/gj/2010/11-20/2669579.shtml,印尼天然气储藏量丰富但50年后开采殆尽,印尼天然气储藏量丰富但50年后开采殆尽,,,,,www.chinanews.com,中国新闻网,,,,,zh,印尼,,,,,,,,,,,,,,,,,,,,,,,,,,,,,,,,,,,,,,
text_0cafbf8c89d85ada83579ad57c1d507b.txt,0cafbf8c89d85ada83579ad57c1d507b,金投外汇 > 外汇风向标 > 正文,http://forex.cngold.org/fxb/c5283476.htm,,据外媒，印尼计划从2023年起停止 天然气出口,,,2020/3/18,2020.0,cngold.org,金投网,,,,,zh,印尼,,,,,,,,,,,,,,,,,,,,,,,,,,,,,,,,,,,,,,
text_de2ca48f5938a15672a4ed5826f25766.txt,de2ca48f5938a15672a4ed5826f25766,印尼将开发亚洲最大天然气储备。,https://www.sohu.com/a/104439011_263709,"印尼,开发,亚洲,最大,天然气,储备",,,中华人民共和国商务部,2016/7/12,2016.0,www.sohu.com,搜狐,12,0,0.0,,zh,印尼,,,,,,,,,,,,,,,,,,,,,,,,,,,,,,,,,,,,,,
text_e97c6cab673f428845825cbd6e1f4980.txt,e97c6cab673f428845825cbd6e1f4980,印尼2019年将停止进口天然气,https://news.bjx.com.cn/html/20170718/837627.shtml,"印尼2019年将停止进口天然气,天然气,印尼,电力",印尼2019年将停止进口天然气，据印尼官方预计，该国2019年开始将无需进口天然气。印尼能源和矿产部数据显示，2019年日均天然气进口需求约为4730万立方米，但拟开发完工的江格里克等气田产量，加之3.5万兆瓦电力开发计划，所需天然气规模呈下降态,经济日报,,2017/7/18,2017.0,news.bjx.com.cn,北极星网,,,,,zh,印尼,,,,,,,,,,,,,,,,,,,,,,,,,,,,,,,,,,,,,,
text_6dc87af427b04b7ba9a2bbb8d81a33bd.txt,6dc87af427b04b7ba9a2bbb8d81a33bd,印尼2019年开始将无需进口天然气,https://www.sohu.com/a/158049921_249929,"印尼,2019,开始,无需,进口,天然气",,,电缆网,2017/7/18,2017.0,www.sohu.com,搜狐,312,0,0.0,,zh,印尼,,,,,,,,,,,,,,,,,,,,,,,,,,,,,,,,,,,,,,
text_d40c1bcdeec67dee44a3bbdb01e03d03.txt,d40c1bcdeec67dee44a3bbdb01e03d03,印尼政府期望在2025年前部署6.5GW的太阳能,https://www.163.com/dy/article/FRR3TDN20519M06G.html,"gw,太阳能,太阳能光伏,光伏,印尼政府",印尼政府期望在2025年前部署6.5GW的太阳能，gw，太阳能，太阳能光伏，光伏，印尼政府,网易,能源一号,2020/11/19,2020.0,163.com,网易,,0,,,zh,印尼,,gw|太阳能光伏,,,,,,,,,,,,,,,,,,,,,,,,,,,,,,,,,,,,
text_eeda32a687806b094e1c3ac0ffd422fd.txt,eeda32a687806b094e1c3ac0ffd422fd,印度尼西亚电力投资环境,https://www.sohu.com/a/390359460_120119964,"印尼,电力,投资,能源,发电,方面,通电率,煤电,环境,国家,观点评论,印尼,印度尼西亚,电力,煤电,能源",根据环球印象撰写并发布的《印度尼西亚电力行业投资环境及风险分析报告》数据显示，如图1所示，2015年印尼全国发电量达到了2339.8亿千瓦时，煤电、气电和水电的比重较高，分别占到发电总量的55.8％、2…,,胖姐来了,2020/4/23,2020.0,www.sohu.com,搜狐,727,0,0.0,,zh,印尼,,,,,,,,,,,,,,,,,,,,,,,,,,,,,,,,,,,,,,
text_58b65c4557dcbf52b3c9c4385208dc75.txt,58b65c4557dcbf52b3c9c4385208dc75,印尼政府计划到2020年温室气体排放量减少26%,https://www.in-en.com/article/html/energy-559813.shtml, 印尼 温室气体排放量 ,印尼政府计划到2020年温室气体排放量减少26%中国能源要闻 能源要闻 国际能源网-能源资讯中心中国能源要闻栏目提供最新最全的中国能源要闻资讯信息，涵盖中国能源要闻动态信息、中国能源要闻研究，中国能源要闻分析中国能源要闻新闻资讯等信息。能源资讯,国际能源网??,本站专稿,2010/1/22,2010.0,in-en.com,国际电力、风力、太阳能等杂网,,,,,zh,印尼,,,,,,,,,,,,,,,,,,,,,,,,,,,,,,,,,,,,,,
text_d00c17d75327c2e1570930d587ff895a.txt,d00c17d75327c2e1570930d587ff895a,称未经过“充分讨论”，印尼煤企呼吁政府撤销煤炭出口禁令,http://mil.news.sina.com.cn/2022-01-04/doc-ikyakumx8255817.shtml, 印尼,,,,2022年1月4日,2022.0,sina.com.cn,新浪军事,,,,,zh,印尼,,,,,,,,,,,,,,,,,,,,,,,,,,,,,,,,,,,,,,
text_12f9e63d96d7a0a84b26288057cc5b18.txt,12f9e63d96d7a0a84b26288057cc5b18,到2030年印尼计划新增4.7GW太阳能装机容量_阳光工匠光伏网,http://www.21spv.com/news/show.php?itemid=101614,"到2030年印尼计划新增4.7GW太阳能装机容量,太阳能装机,可再生能源,市场",印度尼西亚的目标是到2030年根据其新的电力采购计划（RUPTL）增加4.7吉瓦的太阳能容量，这将提高可再生能源对组合的贡献。2021年,,,2021/10/12,2021.0,www.21spv.com,阳光工匠光伏网,,,,,zh,印尼,,,,,,,,,,,,,,,,,,,,,,,,,,,,,,,,,,,,,,
text_d2bd29b0fafa5211ccfe4b8b54b2b14f.txt,d2bd29b0fafa5211ccfe4b8b54b2b14f,印尼：太阳能逐渐取代Karimunjawa的化石燃料,http://www.nengyuanjie.net/article/15632.html,"中国能源,能源新闻,能源科技,电力,电网,煤炭,石油,储能,天然气,火电,水电,风电,核电,太阳能,光伏,光热,氢能，节能,环保,地热能,大讲堂,全球能源,能源政策,能源经济,气候变化,碳排放",一个10米长的太阳能光伏发电(PV)在云顶岛生产36千瓦电力，云顶岛是中爪哇省杰帕拉Karimunjawa群岛地区的27个小岛之一，至少有90个家庭居住。据一位官员称，由于太阳能光伏发电厂于今年8月开始运营，太阳能正逐步取代中爪哇岛Karimunjawa的化石燃料，该地区约有8，000人。Karimunjawa区负责人Saptwagus Karnanejeng Ramadi周二表示，从8月1日起，三个外岛 - Parang，Genting和Nyamuk--已经完全通过太阳能光伏电站进行电气化。我们在7月份,,,2018/8/9,2018.0,www.nengyuanjie.net,能源界,999??,,-9.0,,zh,印尼,,,,,,,,,,,,,,,,,,,,,,,,,,,,,,,,,,,,,,
text_bf81cd31e60bc560e7becd2edaec132f.txt,bf81cd31e60bc560e7becd2edaec132f,Masdar等联合体将在印尼开发1.2GW太阳能储能项目,https://www.kesolar.com/headline/182985.html,"光伏项目,可再生能源,光伏电站",根据由四家国际公司组成的联合体提出的新建议，印度尼西亚将建设高达1.2GW的太阳能光伏发电项目并向新加坡出口电力。阿布扎比可再生能源公司Masdar表示，它已经与法国的EDF Renewables公司、新加坡电力供应商Tuas Power和PT Indonesia Power签署了一份谅解备忘录，构建以向新加坡出口电力为重心的伙伴关系。新加坡贸易和工业部部长在10月宣布，这个城市国家计划在2035年之前进口高达4GW的电力，约占其供电总量的三分之一。新加坡能源市场管理局发布了一份招标方案，为约1.2GW电力的进口和销售指定供应商。根据四家公司之间的协议设想，它们将在...,PV-Tech每日光伏新闻,,2022/1/21,2022.0,www.kesolar.com,kesolar,193,,,,zh,印尼,,,,,,,,,,,,,,,,,,,,,,,,,,,,,,,,,,,,,,
text_0414d2f9312e794c6e2eea2fe2129947.txt,0414d2f9312e794c6e2eea2fe2129947,PLN在印尼巴布亚签署151个太阳能发电厂合同--见道网,https://www.seetao.com/details/10348.html,太阳能发电厂,ANTARA、PLN在巴布亚省和西巴布亚省的151个地点分布了151个太阳能发电厂的使用合同，该合同的签署是通过可再生能源提高巴布亚和西巴布亚的电气化率。PLN与这些公司之间的合同的签订使用了单价协议来采购和安装从10KWP到150 KWP的太阳能发电厂，在巴布亚建设电力基础设施面临的最艰巨挑战是艰难的地理条件，但他们有信心并有能力克服这些挑战,,,2019/11/28,2019.0,www.seetao.com,见道网,,,0.0,,zh,印尼,,,,,,,,,,,,,,,,,,,,,,,,,,,,,,,,,,,,,,
text_02ee4900a8dd0ee8df503f4993687faf.txt,02ee4900a8dd0ee8df503f4993687faf,印尼民丹岛太阳能将增长30%至50%_中国行业研究网,https://www.chinairn.com/news/20140626/144114385.shtml,"印尼民丹岛太阳能将增长30%至50%,太阳能",马航搜救争议和越南排华事件，令东南亚国家的公信力和国际形象受到影响。 作为中国在东盟的第三大贸易伙伴，印尼也受到了上述事件的波及。不过由于印尼并未直接卷入其中，那些撤离越南或马来西亚的中国企..., 互联网　,,,,www.chinairn.com,中研网,,,,,zh,印尼,,,,,,,,,,,,,,,,,,,,,,,,,,,,,,,,,,,,,,
text_aef2b3956c7fbc04d766a3b9ac72147d.txt,aef2b3956c7fbc04d766a3b9ac72147d,独家翻译 | 印尼签署首个大规模太阳能电力采购协议,https://www.in-en.com/article/html/energy-2288010.shtml, 印度光伏市场 光伏项目 电力采购协议 ,独家翻译 | 印尼签署首个大规模太阳能电力采购协议 国际太阳能光伏网讯：近日，印尼矿业、贸易和能源公司PT Sumber Energi Sukses Makmur（SESM）宣布，计划在南苏门答腊岛建设10.5MW混合动力光伏电站，该电站将向棕榈油供应商PT Golden Blos国际能源要闻 能源要闻 国际能源网-能源资讯中心国际能源要闻栏目提供最新最全的国际能源要闻资讯信息，涵盖国际能源要闻动态信息、国际能源要闻研究，国际能源要闻分析国际能源要闻新闻资讯等信息。能源资讯,国际能源网??,Brandon编译,2020/3/5,2020.0,in-en.com,国际电力、风力、太阳能等杂网,,,,,zh,印尼,,,,,,,,,,,,,,,,,,,,,,,,,,,,,,,,,,,,,,
text_0e1c8082a41aabe79313eac3b7d467b4.txt,0e1c8082a41aabe79313eac3b7d467b4,印尼光伏资源及开发,https://dy.163.com/article/GPNOS0HV0528O9TS.html,"光伏,光伏发电系统,太阳能光伏,离网,能源",印尼光伏资源及开发，光伏，光伏发电系统，太阳能光伏，离网，能源,网易,爱情宝,2021/11/26,2021.0,163.com,网易,,0,,,zh,印尼,,光伏发电系统|太阳能光伏|离网|能源,,,,,,,,,,,,,,,,,,,,,,,,,,,,,,,,,,,,
text_09df3249e949ff1b78ef36425716da67.txt,09df3249e949ff1b78ef36425716da67,印尼或将成为东南亚主要的太阳能电力出口国,https://new.qq.com/omn/20211108/20211108A0CKZ800.html,"印尼或将成为东南亚主要的太阳能电力出口国,太阳能,可再生能源,印尼,电力,出口",来源丨solar quarter编译 | 新睿 审订 | Vera最近，印尼宣布将开发多个光伏项目，预示着印尼以出口为导向的光伏项目开发战略的开端。专家认为，越来越多的本土和国际公司将寻求从印尼向……,,,2021/11/8,2021.0,new.qq.com,腾讯网,,,,,zh,印尼,,finance,,,,,,,,,,,,,,,,,,,,,,,,,,,,,,,,,,,,
text_af9ed56367bb9ee19c11c82ac3fb3f43.txt,af9ed56367bb9ee19c11c82ac3fb3f43,印尼将投巨资建太阳能发电站---国家能源局,http://www.nea.gov.cn/2013-04/16/c_132311633.htm,,国家能源网,,,2013/4/16,2013.0,www.nea.gov.cn,国家能源局,,,,,zh,印尼,,,,,,,,,,,,,,,,,,,,,,,,,,,,,,,,,,,,,,
text_409681a317bcf0e568717ad65e8885a0.txt,409681a317bcf0e568717ad65e8885a0,印尼招标80座太阳能电站---国家能源局,http://www.nea.gov.cn/2013-11/07/c_132867146.htm,,国家能源网,,,2013/11/7,2013.0,www.nea.gov.cn,国家能源局,,,,,zh,印尼,,,,,,,,,,,,,,,,,,,,,,,,,,,,,,,,,,,,,,
text_ed8ec31699405ea0a339cf8170ac8dc6.txt,ed8ec31699405ea0a339cf8170ac8dc6,印尼可持续｜从煤炭能源王者到碳中和转型！,https://xw.qq.com/amphtml/20220105A0A6X800,印尼可持续｜从煤炭能源王者到碳中和转型！,印尼地热发电市场潜力巨大众所周知，印尼能源利用结构中以化石能源为主，占比高达68.2%。随着绿色产业的发展，投资清洁能源、抵消使用化石能源带来的碳排放，一步步取代化石能源，“碳中和”成为了全球的关注……,,印尼老杜,2022/1/5,2022.0,xw.qq.com,腾讯新闻,,,,,zh,印尼,,,,,,,,,,,,,,,,,,,,,,,,,,,,,,,,,,,,,,
text_861b6d15ae5fe5842cef6da8e8cdbd2c.txt,861b6d15ae5fe5842cef6da8e8cdbd2c,印尼开建首个大型浮式光伏项目,http://baijiahao.baidu.com/s?id=1709122397646434271&wfr=spider&for=pc,,,,人民资讯,2021/8/26,2021.0,baijiahao.baidu.com,百家号,,0,,,zh,印尼,,,,,,,,,,,,,,,,,,,,,,,,,,,,,,,,,,,,,,
text_ca693a3bc4f5cb35855c380bb61186c6.txt,ca693a3bc4f5cb35855c380bb61186c6,夏普在印尼开发100MW大型太阳能发电厂,http://www.in-en.com/article/html/energy-1315701.shtml, 夏普 印尼 太阳能 太阳能发电 ,夏普在印尼开发100MW大型太阳能发电厂国际能源要闻 能源要闻 国际能源网-能源资讯中心国际能源要闻栏目提供最新最全的国际能源要闻资讯信息，涵盖国际能源要闻动态信息、国际能源要闻研究，国际能源要闻分析国际能源要闻新闻资讯等信息。能源资讯,新能源网??,新能源网,2012/3/13,2012.0,in-en.com,国际电力、风力、太阳能等杂网,,,,,zh,印尼,,,,,,,,,,,,,,,,,,,,,,,,,,,,,,,,,,,,,,
text_2087d408bee07c1bd7b6be93b3decabe.txt,2087d408bee07c1bd7b6be93b3decabe,印尼大型漂浮式光伏发电价格为$0.0368/kWh,https://guangfu.bjx.com.cn/news/20210129/1133295.shtml,"印尼大型漂浮式光伏发电价格为$0.0368/kWh,光伏电价,漂浮式光伏电站,印尼光伏市场",印尼大型漂浮式光伏发电价格为$0.0368/kWh，过去二十年来，印尼经济取得了令人瞩目的增长，其能源需求也呈指数增长。尽管强烈需要更多的发电能力，但该国的电力结构仍然由火力发电厂主导，可再生能源的新发电厂以非常缓慢的速度上网。据《印度尼西亚2021年能源,北极星太阳能光伏网整理,,2021/1/29,2021.0,news.bjx.com.cn,北极星网,,,,,zh,印尼,,,,,,,,,,,,,,,,,,,,,,,,,,,,,,,,,,,,,,
text_301113d9958e7e535ffb45904c9e02ad.txt,301113d9958e7e535ffb45904c9e02ad,印尼东部将建大型光伏项目，或成为大规模光伏部署的枢纽,https://xueqiu.com/3619044502/169479347,"印尼东部将建大型光伏项目，或成为大规模光伏部署的枢纽 摘要：印度尼西亚政府宣布在该国东部地区建设一个大型光伏电站，并解释说，由于该地区气候干燥，太阳辐射水平高，特别适合开发太...,雪球",摘要：印度尼西亚政府宣布在该国东部地区建设一个大型光伏电站，并解释说，由于该地区气候干燥，太阳辐射水平高，特别适合开发太阳能。由于土地可利用性和高发电成本，该地区是最适合建设太阳能电站的地区。 印尼能源和矿产资源(ESDM)宣布，一个大太阳能公园将建在大面积的土地在印尼东部的一个秘...,,能源一号,2022/1/1,2022.0,xueqiu.com,雪球网,,,,,zh,印尼,,,,,,,,,,,,,,,,,,,,,,,,,,,,,,,,,,,,,,
text_d9f8742428d8d9b0a2ac3158033597ce.txt,d9f8742428d8d9b0a2ac3158033597ce,印尼可再生能源市场——蛰伏数年后的曙光,http://baijiahao.baidu.com/s?id=1665202562391171083&wfr=spider&for=pc,,,,走出去导航网,2020/4/28,2020.0,baijiahao.baidu.com,百家号,,0,,,zh,印尼,,,,,,,,,,,,,,,,,,,,,,,,,,,,,,,,,,,,,,
text_098bddf42146060cf42ba49367d3758d.txt,098bddf42146060cf42ba49367d3758d,作为世界最大煤炭出口国，印尼计划2040年淘汰煤电,https://www.163.com/dy/article/GO0KKG9Q05520OFO.html,"煤炭,煤电,印尼,光伏,风电",作为世界最大煤炭出口国，印尼计划2040年淘汰煤电，煤炭，煤电，印尼，光伏，风电,网易,坚果甜瓜,2021/11/5,2021.0,163.com,网易,,1,,,zh,印尼,,光伏|风电,,,,,,,,,,,,,,,,,,,,,,,,,,,,,,,,,,,,
text_371150304a3e102cbbf2b9ff01fbef72.txt,371150304a3e102cbbf2b9ff01fbef72,loading,http://m.xny365.com/21-0-166037-1.html,"太阳能 光伏 太阳能发电,印尼屋顶光伏市场巨大",2019年08月20日关于印尼屋顶光伏市场巨大的最新消息：编者按：据数据显示，印度尼西亚安装的屋顶太阳能容量每年可产生高达1，534千瓦时的能量，其中雅加达和东爪哇省和西爪哇岛的太阳能潜力最高。雅加达和泗水的大型购物中心和商店对屋顶光伏以印尼屋顶光伏市场巨大,,,2019/8/20,2019.0,xny365.com,焦点新闻,189,,,,zh,印尼,,,,,,,,,,,,,,,,,,,,,,,,,,,,,,,,,,,,,,
text_fac57330304bb379bec2b556b799326d.txt,fac57330304bb379bec2b556b799326d,国瑞能印尼70MW光伏屋顶项目 首期200个光伏屋顶将完工！_阳光工匠光伏网,http://www.21spv.com/news/show.php?itemid=88857,"国瑞能印尼70MW光伏屋顶项目 首期200个光伏屋顶将完工！,国瑞能,企业",近期，国瑞能在印尼的200个光伏屋顶顺利出货，并已进入安装阶段，将完工！印尼光伏屋顶项目总量达70MW，600个屋顶，8月份将安排,,,2021/6/22,2021.0,www.21spv.com,阳光工匠光伏网,,,,,zh,印尼,,,,,,,,,,,,,,,,,,,,,,,,,,,,,,,,,,,,,,
text_23ba20ede5b1e852f3afacf5eb423207.txt,23ba20ede5b1e852f3afacf5eb423207,印尼首批投产的光伏发电项目已顺利并网发电,https://www.xianjichina.com/special/detail_385253.html,印尼，光伏,据世纪新能能源网2月20日报道，新加坡基金公司EQUIS于2017在印尼开发了Selong、Pringgabaya、Sengkol、Likupang等项目。该批项目为印尼的首批投产的光伏发电项目，日前已经顺利并网发电。, 世纪新能能源网 ,,2019/2/20,2019.0,www.xianjichina.com,贤集网,,,,,zh,印尼,,,,,,,,,,,,,,,,,,,,,,,,,,,,,,,,,,,,,,
text_c914b30bd6fa80d6a37c093444bc42f7.txt,c914b30bd6fa80d6a37c093444bc42f7,印尼浮动光伏电站以最低3.68美分/千瓦时价格出售电力,https://www.sohu.com/a/451388316_703050,"印尼,光伏电站,浮动,价格,的项目,能源,计划,装机容量,报告,来自,苏门答腊岛",根据这份报告，印尼政府计划开发两个巨型项目：一系列总容量为1.25GW的光伏项目将建在苏门答腊岛东南海岸外的邦加勿里洞群岛，另一个1GW的电站则有可能在印尼东加里曼丹省的西库泰省进行开发建设。报告中表示…,,光伏們,2021/2/19,2021.0,www.sohu.com,搜狐,120,0,0.0,,zh,印尼,,,,,,,,,,,,,,,,,,,,,,,,,,,,,,,,,,,,,,
text_32e20c14a482182316b1acb44dee61ea.txt,32e20c14a482182316b1acb44dee61ea,印尼政府招标兴建150MW光伏电站---国家能源局,http://www.nea.gov.cn/2013-04/02/c_132277964.htm,,国家能源网,,,2013/4/2,2013.0,www.nea.gov.cn,国家能源局,,,,,zh,印尼,,,,,,,,,,,,,,,,,,,,,,,,,,,,,,,,,,,,,,
text_8892e4c9a44a7b13f0c40e3253f25c1f.txt,8892e4c9a44a7b13f0c40e3253f25c1f,独家！印尼政府：光伏等新能源补贴157亿美元！,https://xueqiu.com/9407486242/203130898,"独家！印尼政府：光伏等新能源补贴157亿美元！ 印尼拥有17508个岛屿，2.67亿人口，目前偏远地区能用上电的人口较少，电力需求仍在迅速增长，能源短缺及安全问题日益突...,雪球",印尼拥有17508个岛屿，2.67亿人口，目前偏远地区能用上电的人口较少，电力需求仍在迅速增长，能源短缺及安全问题日益突出。作为全球最大的岛屿国家，印尼发展太阳能潜力巨大。 印度尼西亚地理位置处于热带地区，非常接近赤道，全天太阳能平均辐射量为4.5kW·h/m2 ，其中苏拉威西省，巴布亚省和 ...,,能源盒子,2022/1/1,2022.0,xueqiu.com,雪球网,,,,,zh,印尼,,,,,,,,,,,,,,,,,,,,,,,,,,,,,,,,,,,,,,
text_934704b53f1b6dd3da94b9257a048dd1.txt,934704b53f1b6dd3da94b9257a048dd1,2021——印尼可再生能源发展的转折之年,https://new.qq.com/omn/20211213/20211213A0AHSP00.html,"2021——印尼可再生能源发展的转折之年,可再生能源,印度尼西亚_财经,光伏,电力",一、新版RUPTL和屋顶光伏法案未来如果回顾历史，2021 年可能是印度尼西亚可再生能源 (RE) 发展的重要里程碑年。今年到目前为止，政府发布了两项重要政策文件：能矿部第 26/2021 号法规《……,,,2021/12/13,2021.0,new.qq.com,腾讯网,,,,,zh,印尼,,finance,,,,,,,,,,,,,,,,,,,,,,,,,,,,,,,,,,,,
text_d81439d239dbbae1da0be15036ff78a7.txt,d81439d239dbbae1da0be15036ff78a7,印尼总统：2030年实现净零排放｜COP26,http://baijiahao.baidu.com/s?id=1715328676210798536&wfr=spider&for=pc,,,,中国绿发会,2021/11/2,2021.0,baijiahao.baidu.com,百家号,,0,,,zh,印尼,,,,,,,,,,,,,,,,,,,,,,,,,,,,,,,,,,,,,,
text_71eeb2b288e549c21aafe287944de510.txt,71eeb2b288e549c21aafe287944de510,印尼陷入“零毁林”承诺困境，林业部长：环境问题不能凌驾于国家发展之上,http://baijiahao.baidu.com/s?id=1715483892165074499&wfr=spider&for=pc,,,,九派快讯,2021/11/4,2021.0,baijiahao.baidu.com,百家号,,0,,,zh,印尼,,,,,,,,,,,,,,,,,,,,,,,,,,,,,,,,,,,,,,
text_fe7866023638069cf8e9d61679cd18af.txt,fe7866023638069cf8e9d61679cd18af,印尼不再建设火电厂以支持零排放目标,https://www.163.com/dy/article/GPO5UTMN0534P9N2.html,"火电厂,电厂,印尼,煤炭,零排放",印尼不再建设火电厂以支持零排放目标，火电厂，电厂，印尼，煤炭，零排放,网易,千岛企服,2021/11/26,2021.0,163.com,网易,,0,,,zh,印尼,,煤炭,,,,,,,,,,,,,,,,,,,,,,,,,,,,,,,,,,,,
text_d342d980229066feb723f1ab8a8861d4.txt,d342d980229066feb723f1ab8a8861d4,印尼：2020年新可再生能源和节能投资总额13.6亿美元 约占投资指标的70%,https://guangfu.bjx.com.cn/news/20210118/1130356.shtml,"印尼：2020年新可再生能源和节能投资总额13.6亿美元  约占投资指标的70%,太阳能发电,光伏投资,印尼光伏市场",印尼：2020年新可再生能源和节能投资总额13.6亿美元 约占投资指标的70%，印度尼西亚能源与矿产资源部录得2020年的节能和新可再生能源分领域的投资总额达13.6亿美元，约占投资指标20.2亿美元的70%。印度尼西亚能源与矿物资源部节能和新可再生能源（EBTKE）总局局长达丹（DadanKusdiana）昨,印尼商报,,2021/1/18,2021.0,news.bjx.com.cn,北极星网,,,,,zh,印尼,,,,,,,,,,,,,,,,,,,,,,,,,,,,,,,,,,,,,,
text_ae05835f09bceb757b320083e29fdbcb.txt,ae05835f09bceb757b320083e29fdbcb,印尼可再生能源2022年投资建设法律法规指南,https://www.163.com/dy/article/GORBE6440552P7OL.html,"风能,能源法,电力法,能源",印尼可再生能源2022年投资建设法律法规指南，风能，能源法，电力法，能源,网易,国际工程Daily,2021/11/15,2021.0,163.com,网易,,0,,,zh,印尼,,风能|能源法|电力法,,,,,,,,,,,,,,,,,,,,,,,,,,,,,,,,,,,,
text_7122d8eaa5f4e77043a109b3039336c7.txt,7122d8eaa5f4e77043a109b3039336c7,中国印尼可再生能源合作前景可期,https://wind.in-en.com/html/wind-2263559.shtml, 风电市场分析 可再生能源 ,中国印尼可再生能源合作前景可期，日前，国际能源署执行总裁法迪尔比洛尔和印尼能源与矿产资源部长苏迪尔曼赛义德在记者采访时表示，发展可再生能源是大势所趋，中国已经成为国际可再生能源市场的...，国际风力发电网,经济日报??,田原,2016/4/1,2016.0,in-en.com,国际电力、风力、太阳能等杂网,,,,,zh,印尼,,,,,,,,,,,,,,,,,,,,,,,,,,,,,,,,,,,,,,
text_d3658e2446a2c21081892c54e3907657.txt,d3658e2446a2c21081892c54e3907657,印尼风电、光伏产业及规划,https://news.bjx.com.cn/html/20171201/865083.shtml,"印尼风电、光伏产业及规划,印尼风电,可再生能源,风电",印尼风电、光伏产业及规划，导语印度尼西亚位于亚洲东南部，地跨赤道，与巴布亚新几内亚、东帝汶、马来西亚接壤，与泰国、新加坡、菲律宾、澳大利亚等国隔海相望。2015年印尼提出，到2025年可再生能源占能源总量的比例将从目前的约5%提高至23%,国际电力观察,,2017/12/1,2017.0,news.bjx.com.cn,北极星网,,,,,zh,印尼,,,,,,,,,,,,,,,,,,,,,,,,,,,,,,,,,,,,,,
text_fc2c2342fc89637c817fa53cbe49a092.txt,fc2c2342fc89637c817fa53cbe49a092,印尼东部将建大型光伏项目，或成为大规模光伏部署的枢纽,https://news.solarbe.com/202101/21/334150.html,"印尼东部将建大型光伏项目，或成为大规模光伏部署的枢纽,印尼,太阳能发电厂",摘要：印度尼西亚政府宣布在该国东部地区建设一个大型光伏电站，并解释说，由于该地区气候干燥，太阳辐射水平高，特别适合开发太阳能。由于土地可利用性和高发电成本，该地区是最适合建设太阳能电站的地区。印尼能源,能源一号                ,,2021/1/21,2021.0,news.solarbe.com,索比光伏网,,,,,zh,印尼,,,,,,,,,,,,,,,,,,,,,,,,,,,,,,,,,,,,,,
text_03a24d2ccaf47b6cd3081bc03bb572c2.txt,03a24d2ccaf47b6cd3081bc03bb572c2,印度尼西亚修改光伏等可再生能源项目收费标准,https://guangfu.bjx.com.cn/news/20170503/823344.shtml,"印度尼西亚修改光伏等可再生能源项目收费标准,可再生能源,光伏电站,印度尼西亚光伏市场",印度尼西亚修改光伏等可再生能源项目收费标准，印尼最近出台了一项新可再生能源法，修改了包括光伏系统在内的可再生能源项目的收费标准。新法规为再生能源项目开发地区的电力供应成本提供了一个FIT上限。印尼由17500多个岛屿组成，不同地区和岛屿之间的电力成本各,pv-magazine,,2017/5/3,2017.0,news.bjx.com.cn,北极星网,,,,,zh,印尼,,,,,,,,,,,,,,,,,,,,,,,,,,,,,,,,,,,,,,
text_text_c90041e447ead91585775ae87dafd256.txt,text_c90041e447ead91585775ae87dafd256,印尼能源部长表示：印尼太阳能发电的潜力巨大,https://xw.qq.com/cmsid/20210524A0EQ5K00,"太阳能,太阳能电池板,电力,印度尼西亚_财经,太阳能发电,印尼能源部长表示：印尼太阳能发电的潜力巨大",印尼能源部长表示：印尼太阳能发电的潜力巨大，据印尼新闻网5月23日报道，印尼能源和矿产资源部部长埃里夫表示，印尼太阳能发电量仍然很低。他说，目前太阳能发电厂PLTS）的装机容量仅为154兆瓦（MW）。实际上，印度尼西亚的太阳能发电潜力达到20……,,看印尼,2021/5/24,2021.0,xw.qq.com,腾讯新闻,,,,,zh,印尼,,,,,,,,,,,,,,,,,,,,,,,,,,,,,,,,,,,,,,
text_e557c651ea93f191295fe762364ca7f7.txt,e557c651ea93f191295fe762364ca7f7,印度尼西亚签订第一个大规模太阳能PPA协议,https://guangfu.bjx.com.cn/news/20200305/1050807.shtml,"印度尼西亚签订第一个大规模太阳能PPA协议,太阳能项目,PPA,印度光伏市场",印度尼西亚签订第一个大规模太阳能PPA协议，近日，煤炭生产商SESM计划在南苏门答腊岛建造一座10MW的离网混合太阳能发电厂。根据一项为期20年的电力购买协议，棕榈油生产商将购买太阳能发电。据了解，该设施的建设预计将于7月开始，预计于2022年3月完工，虽然没,北极星太阳能光伏网,,2020/3/5,2020.0,news.bjx.com.cn,北极星网,,,,,zh,印尼,,,,,,,,,,,,,,,,,,,,,,,,,,,,,,,,,,,,,,
text_eb8d33a88c127b6ec5776b49105d3eee.txt,eb8d33a88c127b6ec5776b49105d3eee,印度尼西亚将建第一个大规模太阳能PPA项目,https://www.kesolar.com/market/144726.html,"太阳能发电,可再生能源,屋顶光伏",近日，煤炭生产商SESM计划在南苏门答腊岛建造一座10MW的离网混合太阳能发电厂。根据一项为期20年的电力购买协议，棕榈油生产商将购买太阳能发电。据了解，该设施的建设预计将于7月开始，预计于2022年3月完工，虽然没有具体说明,北极星,,2020/3/5,2020.0,www.kesolar.com,kesolar,261,,,,zh,印尼,,,,,,,,,,,,,,,,,,,,,,,,,,,,,,,,,,,,,,
text_9987a077b59f4c0e70f958669eac73bb.txt,9987a077b59f4c0e70f958669eac73bb,2050年印度尼西亚或将通过太阳能实现100％的绿色电力,http://www.nengyuanjie.net/article/36368.html,"印度尼西亚太阳能,可再生能源,光伏发电厂",印度尼西亚是一个全年都有阳光的热带国家。印尼可再生能源完全发电已经计算出全国从太阳能潜力中的产生有每年约64万太瓦时。这相当于去年发电量的2300倍。,OFweek??,,2020/5/2,2020.0,www.nengyuanjie.net,能源界,982??,,-1.0,,zh,印尼,,,,,,,,,,,,,,,,,,,,,,,,,,,,,,,,,,,,,,
text_5deec3fb01c9709d10c3e479950871da.txt,5deec3fb01c9709d10c3e479950871da,Akuo能源获印度尼西亚三个太阳能存储项目,https://guangfu.bjx.com.cn/news/20180619/906683.shtml,"Akuo能源获印度尼西亚三个太阳能存储项目,太阳能,储能微电网项目,印度尼西亚光伏市场",Akuo能源获印度尼西亚三个太阳能存储项目，近日，法国电力生产商Akuo能源公司已经接受印度尼西亚的委托，为其建设三个太阳能储能微电网项目。这些项目将为印度尼西亚的Merabu，LongBeliu和TelukSumbang村庄提供电力。据了解，在与印度尼西亚政府成立的Milleni,电缆网,,2018/6/19,2018.0,news.bjx.com.cn,北极星网,,,,,zh,印尼,,,,,,,,,,,,,,,,,,,,,,,,,,,,,,,,,,,,,,
text_28697884b583c90e089d6298a9df2d3b.txt,28697884b583c90e089d6298a9df2d3b,印度尼西亚光伏市场概况与分析,https://news.solarbe.com/201407/08/125818.html,"印度尼西亚光伏市场概况与分析,",印度尼西亚，地处东南亚地区，地理位置处于热带地区，非常接近赤道，印尼太阳能辐射资源平均约为4.8KWh/m2/day。其中苏拉威西省,Powerway 新能源                ,,2014/7/8,2014.0,news.solarbe.com,索比光伏网,,,,,zh,印尼,,,,,,,,,,,,,,,,,,,,,,,,,,,,,,,,,,,,,,
text_1bd91c23b111be74c48c3d819915561f.txt,1bd91c23b111be74c48c3d819915561f,Masdar等联合体将在印尼开发1.2GW太阳能储能项目,https://www.sohu.com/a/518088029_121124363,"联合体,能源公司,太阳能,印尼,Masdar,项目,PV-Tech,电力,开发,储能,联合体,Masdar,新加坡,印度尼西亚,光伏",根据由四家国际公司组成的联合体提出的新建议，印度尼西亚将建设高达1.2GW的太阳能光伏发电项目并向新加坡出口电力。 新加坡的可再生能源正在加速发展，去年，新加坡启用了其首个大型漂浮光伏项目——60M…,,交流科技圈,2022/1/21,2022.0,www.sohu.com,搜狐,5,0,0.0,,zh,印尼,,,,,,,,,,,,,,,,,,,,,,,,,,,,,,,,,,,,,,
text_04874667232ae84f3c7f438cd84d13ec.txt,04874667232ae84f3c7f438cd84d13ec,海外资讯 | 印度尼西亚计划开发1.2 GW太阳能项目，2021年土耳其新增光伏装机1.14GW...,https://www.sohu.com/a/518318722_115863,"屋顶,招标,计划,土耳其,太阳能,项目,开发,容量,Power,新能源,装机容量,博茨瓦纳,太阳能,光伏,印度",德国公用事业规模的太阳能开发商和EPC公司Greencells Group预计在2022年上半年将其在希腊的总开发投资组合增加到约600兆瓦，包括一个250兆瓦的标志性混合项目，结合太阳能和存储系统，G…,,集邦新能源网,2022/1/22,2022.0,www.sohu.com,搜狐,15,0,0.0,,zh,印尼,,,,,,,,,,,,,,,,,,,,,,,,,,,,,,,,,,,,,,
text_60736cb53f1531c9c9bd9794e516fd64.txt,60736cb53f1531c9c9bd9794e516fd64,印度尼西亚批准了价值218亿美元的太阳能连接路线--见道网,https://www.seetao.com/m/details/114103.html,"218亿美元,太阳能",这条太阳能连接路线将为印度尼西亚电力提供更大支持，同时也为澳大利亚电力出口带来收益,,,2021/9/23,2021.0,www.seetao.com,见道网,,,0.0,,zh,印尼,,,,,,,,,,,,,,,,,,,,,,,,,,,,,,,,,,,,,,
text_3101b8bed28ddb6a2af3704466778eae.txt,3101b8bed28ddb6a2af3704466778eae,低碳成为全球目标，中企投资境外火电面临高风险！,https://xueqiu.com/3105420396/187790104,"低碳成为全球目标，中企投资境外火电面临高风险！ 文 | 国际能源网 团队 近日，印度尼西亚宣布将逐步淘汰本国煤电。就在20天前，印尼国家电力公司宣布公司在2023年后不...,雪球",文 | 国际能源网 团队 近日，印度尼西亚宣布将逐步淘汰本国煤电。就在20天前，印尼国家电力公司宣布公司在2023年后不再新建燃煤电厂。 这次宣布退煤的主角是全球“煤电大户”——印度尼西亚，因此这成为一个有关燃煤电厂投资未来趋势的信号。 煤电融资难题如釜底抽薪 5月21日，七国集团（G7）一份...,,光伏头条,2021/6/29,2021.0,xueqiu.com,雪球网,,,,,zh,印尼,,,,,,,,,,,,,,,,,,,,,,,,,,,,,,,,,,,,,,
text_6c8572c0f183243b80bfd3361bf259a3.txt,6c8572c0f183243b80bfd3361bf259a3,印尼投资3650亿美元用于低碳减排,http://baijiahao.baidu.com/s?id=1708332856573651231&wfr=spider&for=pc,,,,见道网,2021/8/17,2021.0,baijiahao.baidu.com,百家号,,1,,,zh,印尼,,,,,,,,,,,,,,,,,,,,,,,,,,,,,,,,,,,,,,
text_afe08875366d5f77776ea5a1e90791a2.txt,afe08875366d5f77776ea5a1e90791a2,ESG资讯 | 印度尼西亚开展碳交易试点以确定应纳税排放,http://finance.sina.com.cn/esg/ep/2021-12-08/doc-ikyakumx2614421.shtml,"印度尼西亚,ESG,carbon,碳交易,美元,印度尼西亚,ESG,carbon,碳交易,美元",（SenecaESG）,,市场资讯,2021/12/8,2021.0,finance.sina.com.cn,新浪财经,,,,,zh,印尼,,,,,,,,,,,,,,,,,,,,,,,,,,,,,,,,,,,,,,
text_3759012f13bce7ed1a0f82b0ad512b98.txt,3759012f13bce7ed1a0f82b0ad512b98,【印度、印尼和菲律宾将加入加速煤炭转型计划】气候投资基金（CIF）周四表示，印度、印度尼西亚和菲律宾将继南非之后，加入煤炭转型计划，成为该价值数十亿美元试点计划的首批受援国。据报道，这四个国家与煤炭有关的碳排放占全球排放量的15%。降低它们的碳排放，将有助于加快全球在2050年结束前实现净零排放的目标。（界面）,http://www.huanqiucaijing.cn/timeline/77619.html,,【印度、印尼和菲律宾将加入加速煤炭转型计划】气候投资基金（CIF）周四表示，印度、印度尼西亚和菲律宾将继南非之后，加入煤炭转型计划，成为该价值数十亿美元试点计划的首批受援国。据报道，这四个国家与煤炭有关的碳排放占全球排放量的15%。降低它们的碳排放，将有助于加快全球在2050年结束前实现净零排放的目标。（界面）,,,04/11/2021,2021.0,www.huanqiucaijing.cn,环球财经网,,,,,zh,印尼,,,,,,,,,,,,,,,,,,,,,,,,,,,,,,,,,,,,,,
text_a92ce3aaa6658286070dab3e66daff01.txt,a92ce3aaa6658286070dab3e66daff01,中国碳交易网,http://www.tanjiaoyi.com/article-32143-1.html,,印度尼西亚继续致力减少碳排放 政府为绿色项目提供资金，财政部长Sri Mulyani Indrawati表示，绿色复苏将促进基于环境的全球经济转型，尤其是在冠病大流行期间。部长在上周五的一份声明中指出：“印尼将继续致力于减少碳排放，同时实现一个具有气候抗御能力的国家。”她强 ..., 雅加达                    ,,2020/10/20,2020.0,www.tanjiaoyi.com,碳交易,,,,,zh,印尼,,,,,,,,,,,,,,,,,,,,,,,,,,,,,,,,,,,,,,
text_69b02d0a88889f606f372a63a3a975f7.txt,69b02d0a88889f606f372a63a3a975f7,专家称印度尼西亚有能力建设30多座核反应堆,https://www.chinanews.com/gj/2010/11-23/2674713.shtml,专家称印度尼西亚有能力建设30多座核反应堆,专家称印度尼西亚有能力建设30多座核反应堆,,,,,www.chinanews.com,中国新闻网,,,,,zh,印尼,,,,,,,,,,,,,,,,,,,,,,,,,,,,,,,,,,,,,,
text_99cf1d19722852226331984b8753d8f9.txt,99cf1d19722852226331984b8753d8f9,印尼或与俄罗斯合作建设新核电厂,http://baijiahao.baidu.com/s?id=1659595662402456299&wfr=spider&for=pc,,,,全国能源信息平台,2020/2/26,2020.0,baijiahao.baidu.com,百家号,,0,,,zh,印尼,,,,,,,,,,,,,,,,,,,,,,,,,,,,,,,,,,,,,,
text_e6d123a59b8578f35f807061cc834266.txt,e6d123a59b8578f35f807061cc834266,印度尼西亚拟建设国内首座核电厂,https://news.bjx.com.cn/html/20200729/1093075.shtml,"印度尼西亚拟建设国内首座核电厂,核电厂,核电项目,核电",印度尼西亚拟建设国内首座核电厂，2020年7月24日，印度尼西亚驻俄罗斯大使穆罕默德·瓦希德·苏普里亚迪（MohamadWahidSupriyad）称，印度尼西亚政府正考虑俄罗斯国家原子能公司（Rosatom）提出的在该国建设首座核电厂的提议。据了解，Rosatom已提交,中国能源研究会核能专委会,,2020/7/29,2020.0,news.bjx.com.cn,北极星网,,,,,zh,印尼,,,,,,,,,,,,,,,,,,,,,,,,,,,,,,,,,,,,,,
text_9da4a488d958c1ecc7342fdcf2ceb77a.txt,9da4a488d958c1ecc7342fdcf2ceb77a,印尼将从2031年起清退煤电厂，2045年起启用核电,http://baijiahao.baidu.com/s?id=1714325799344923733&wfr=spider&for=pc,,,,界面新闻,2021/10/22,2021.0,baijiahao.baidu.com,百家号,,0,,,zh,印尼,,,,,,,,,,,,,,,,,,,,,,,,,,,,,,,,,,,,,,
text_35ecfc6d4735b20cc5afed7f1cd334b3.txt,35ecfc6d4735b20cc5afed7f1cd334b3,东盟峰会：印尼鼓励加强东盟与俄罗斯的合作关系,https://www.163.com/dy/article/GNOC9CP60528O9HH.html,"东盟,俄罗斯,印尼,佐科,维多多",东盟峰会：印尼鼓励加强东盟与俄罗斯的合作关系，东盟，俄罗斯，印尼，佐科，维多多,网易,桃桃喜爱,2021/11/1,2021.0,163.com,网易,,0,,,zh,印尼,,佐科|维多多,,,,,,,,,,,,,,,,,,,,,,,,,,,,,,,,,,,,
text_3f0d9f6b02e20a809d78208f1c0bd035.txt,3f0d9f6b02e20a809d78208f1c0bd035,全球最大煤炭出口国印尼：若得到足够援助 可在2040年前逐步淘汰煤炭,https://www.163.com/dy/article/GNT1JU8K05198CJN.html,"印尼,煤炭,援助,电厂,清洁能源",全球最大煤炭出口国印尼：若得到足够援助 可在2040年前逐步淘汰煤炭，印尼，煤炭，援助，电厂，清洁能源,网易,财联社,2021/11/3,2021.0,163.com,网易,,0,,,zh,印尼,,电厂|清洁能源,,,,,,,,,,,,,,,,,,,,,,,,,,,,,,,,,,,,
text_859814892b95f0843dcb0d2df456b39d.txt,859814892b95f0843dcb0d2df456b39d,习近平同印尼总统佐科通电话,https://www.sohu.com/a/515961582_160386,"经济,国家,疫情,中方,习近平,印尼,中国,佐科,发展,合作,佐科通,疫苗,印尼,中国,二十国集团",要把共建“一带一路”同中国构建新发展格局、印尼国家中长期发展规划结合起来，统筹推进后疫情时期合作，高质量建设雅万高铁，实施好“区域综合经济走廊”“两国双园”等重点项目，培育新能源、低碳、数字经济、海上合作等新…,,郑州日报,2022/1/12,2022.0,www.sohu.com,搜狐,36,0,,,zh,印尼,,,,,,,,,,,,,,,,,,,,,,,,,,,,,,,,,,,,,,
text_text_97fcd0d003c9a1cb2f721a44ab299470.txt,text_97fcd0d003c9a1cb2f721a44ab299470,佐科称印尼将建立全球最大的绿色工业园,https://xw.qq.com/cmsid/20211223A0DIME00,"加里曼丹,印尼,佐科,佐科称印尼将建立全球最大的绿色工业园",佐科称印尼将建立全球最大的绿色工业园，千岛企服·每日印尼（Indonesia-daily）讯，佐科总统昨日对北苏加里曼丹省进行了工作访问，前往了该省的Bulungan县举行了印尼绿色工业园区的奠基仪式。佐科在奠基仪式上说，今日我宣布印尼……,,看印尼,2021/12/23,2021.0,xw.qq.com,腾讯新闻,,,,,zh,印尼,,,,,,,,,,,,,,,,,,,,,,,,,,,,,,,,,,,,,,
text_d041a509efb298218630b8c9afd6eb70.txt,d041a509efb298218630b8c9afd6eb70,佐科从投资到能源转型对印尼国营企业的重要指示,https://new.qq.com/omn/20211123/20211123A0AOJA00.html,"佐科从投资到能源转型对印尼国营企业的重要指示,佐科·维多多,印尼,印尼国家石油公司,国家电力公司",(佐科出席第26届联合国气候变化大会 图片来源：Lukas/Biro Pers Sekretariat Presiden）消息来源：TEMPO.CO， Jakarta- 2021年11月20日，佐科……,,,2021/11/23,2021.0,new.qq.com,腾讯网,,,,,zh,印尼,,finance,,,,,,,,,,,,,,,,,,,,,,,,,,,,,,,,,,,,
text_fc511d779ba8bc2e65d5fbf713e486e8.txt,fc511d779ba8bc2e65d5fbf713e486e8,印尼大力发展可再生能源 政策与外资共同支持_阳光工匠光伏网,http://www.21spv.com/news/show.php?itemid=34981,"印尼大力发展可再生能源 政策与外资共同支持,印尼新能源市场,新能源发电,新能源政策,预留",编者按：印尼大力推动发电结构由火电为主向多元化发展转变，希望完善更加高效、更加绿色的能源供给结构。加速可再生能源发电能力,,,2018/2/13,2018.0,www.21spv.com,阳光工匠光伏网,,,,,zh,印尼,,,,,,,,,,,,,,,,,,,,,,,,,,,,,,,,,,,,,,
text_4ca130327cbc4684e8ae125e52a52970.txt,4ca130327cbc4684e8ae125e52a52970,推荐阅读,https://china.huanqiu.com/article/9CaKrnJOJe1,"佐科,印尼,能源,地热,企业,资源,40%,开发,总统",综合印尼《国际日报》等媒体8月20日报道，印尼总统佐科日前在雅加达会议中心出席国际新能源大会开幕式致辞表示，印尼地热占全球地热储量的40%，主要位于苏门答腊、爪哇、努沙登加拉、马鲁古和巴布亚等地，这些地热资源未被开发利用。目前印尼能源利用95%为传统能源，其中石油占47%、天然气和煤炭各24%，而可再生能源使用率仅5%。,驻棉兰总领馆经商室,,2015/8/20,2015.0,huanqiu.com,环球网,,,,,zh,印尼,,,,,,,,,,,,,,,,,,,,,,,,,,,,,,,,,,,,,,
text_421a97e5de6ff5217cff5b1b8d644fff.txt,421a97e5de6ff5217cff5b1b8d644fff,贸易救济调查局,http://gpj.mofcom.gov.cn/article/zuixindt/201507/20150701043015.shtml,"贸易摩擦,贸易救济,贸易投资,贸易救济,预警信息,反倾销,反补贴,保障措施,预警信息,,印度尼西亚拟调高可再生能源电价以吸引投资者,,",贸易摩擦，贸易救济，贸易投资，贸易救济，预警信息，反倾销，反补贴，保障措施，预警信息,中国国际电子商务中心,,2015/7/13,2015.0,mofcom.gov.cn,中华人民共和国商务部,,,,,zh,印尼,,,,,,,,,,,,,,,,,,,,,,,,,,,,,,,,,,,,,,
text_b7b07caca1ba277f820a417758d177ac.txt,b7b07caca1ba277f820a417758d177ac,印尼在 2050 年仍需要使用燃煤发电,http://baijiahao.baidu.com/s?id=1715005321748258377&wfr=spider&for=pc,,,,印尼董哥快讯,2021/10/30,2021.0,baijiahao.baidu.com,百家号,,0,,,zh,印尼,,,,,,,,,,,,,,,,,,,,,,,,,,,,,,,,,,,,,,
text_7a98312db636ba72a60e6c64d37bfbe4.txt,7a98312db636ba72a60e6c64d37bfbe4,“一带一路”先锋计划 布局印度尼西亚新能源产业,https://gas.in-en.com/html/gas-2827920.shtml, 新能源 可再生能源 能源 ,“一带一路”先锋计划 布局印度尼西亚新能源产业，2018年5月6日下午，应印度尼西亚总统佐科维多多邀请，国务院总理李克强乘专机抵达雅加达苏加诺－哈达国际机场，对印度尼西亚进行正式访问。印度尼西亚新能源政策...，国际燃气网,,,2018/5/8,2018.0,in-en.com,国际电力、风力、太阳能等杂网,,,,,zh,印尼,,,,,,,,,,,,,,,,,,,,,,,,,,,,,,,,,,,,,,
text_e9656aa96875b4100058ec73d192344e.txt,e9656aa96875b4100058ec73d192344e,印尼大力发展可再生能源,http://finance.sina.com.cn/roll/2018-02-13/doc-ifyrkrva8164032.shtml?domain=finance.sina.com.cn&vt=4,"可再生能源,生物燃料,能源,可再生能源,生物燃料,能源",政策法规利好外资积极参与印尼大力发展可再生能源本报驻雅加达记者田原印尼大力推动发电结构由火电为主向多元化发展转变，希望完善更加高效、更加绿色的能源供给结构。加速可再生能源发电能力建设是实现这一目标的重要途径，除了政策支持和经济杠杆驱动，印尼,,经济日报,2018/2/13,2018.0,finance.sina.com.cn,新浪财经,,,,,zh,印尼,,,,,,,,,,,,,,,,,,,,,,,,,,,,,,,,,,,,,,
text_2a5180558933ab45c5961b824d1ba679.txt,2a5180558933ab45c5961b824d1ba679,习近平会见印尼总统佐科：愿参与印尼港口高铁机场等建设,https://www.guancha.cn/Third-World/2015_03_27_313833_s.shtml, 印度尼西亚印尼高铁列车基础设施,26日，习近平在人民大会堂同印尼总统佐科举行会谈。,新华社,,2015/3/27,2015.0,www.guancha.cn,观察者,,,,,zh,印尼,,,,,,,,,,,,,,,,,,,,,,,,,,,,,,,,,,,,,,
text_7a2cc9dd87d0ebfc51b33e8d9aae8a00.txt,7a2cc9dd87d0ebfc51b33e8d9aae8a00,马斯达尔在印度尼西亚建造浮动太阳能发电厂_阳光工匠光伏网,http://www.21spv.com/news/show.php?itemid=93607,"马斯达尔在印度尼西亚建造浮动太阳能发电厂,可再生能源,太阳能发电,光伏电站,市场",阿布扎比可再生能源公司Masdar和印度尼西亚国有电力公司PTPLN已就一座浮动太阳能发电厂达成财务结算，并已开始该项目的建设工作,,,2021/8/5,2021.0,www.21spv.com,阳光工匠光伏网,,,,,zh,印尼,,,,,,,,,,,,,,,,,,,,,,,,,,,,,,,,,,,,,,
text_b29dd0364c3eb080506dd9c4b64660ac.txt,b29dd0364c3eb080506dd9c4b64660ac,印尼在婆罗洲破土动工，建设由中企支持的绿色工业区,http://baijiahao.baidu.com/s?id=1719994909539319443&wfr=spider&for=pc,,,,晨财经,2021/12/24,2021.0,baijiahao.baidu.com,百家号,,0,,,zh,印尼,,,,,,,,,,,,,,,,,,,,,,,,,,,,,,,,,,,,,,
text_7229836f093749627e4fc0132c387fae.txt,7229836f093749627e4fc0132c387fae,转型绿色能源刻不容缓！印尼力图实现电动汽车国产化目标,http://baijiahao.baidu.com/s?id=1718438755489860052&wfr=spider&for=pc,,,,参考消息,2021/12/7,2021.0,baijiahao.baidu.com,百家号,,0,,,zh,印尼,,,,,,,,,,,,,,,,,,,,,,,,,,,,,,,,,,,,,,
text_f59c9aa4bb5936fee9617d0b1553405a.txt,f59c9aa4bb5936fee9617d0b1553405a,佐科总统为印尼绿色工业区举行奠基仪式,https://new.qq.com/omn/20211222/20211222A03XMD00.html,"佐科总统为印尼绿色工业区举行奠基仪式,佐科·维多多,印度尼西亚_时政,加里曼丹",佐科·维多多总统于 2021 年 12 月 21 日星期二对北加里曼丹省进行工作访问期间，为印尼绿色工业园区奠基。通过这一活动，印尼将开始经济转型进程，进入下游和工业化进程。印尼绿色工业区的存在，预……,,,2021/12/22,2021.0,new.qq.com,腾讯网,,,,,zh,印尼,,politics,,,,,,,,,,,,,,,,,,,,,,,,,,,,,,,,,,,,
text_02784f5803de6868ce9ad20f10c0c7dc.txt,02784f5803de6868ce9ad20f10c0c7dc,未来十年阿联酋或将可再生能源投资翻番,https://www.sohu.com/a/367249590_100043537,"能源,印尼,投资,维多多,苏丹·贾伯,领域,二氧化碳,协议,首都,活动,阿联酋,印尼,阿布扎比,苏丹·贾伯,贾伯",贾伯还在阿联酋首都阿布扎比市的一个可持续能源活动上表示：“ADNOC将把碳捕集利用和封存计划提高500%；以捕集与500万英亩森林相同的二氧化碳排放量。” 维多多周一在推特上表示，印尼与阿联酋签署了…,,华通白银网,2020/1/16,2020.0,www.sohu.com,搜狐,399,0,0.0,,zh,印尼,,,,,,,,,,,,,,,,,,,,,,,,,,,,,,,,,,,,,,
text_9a409dbb62497ee6aac7a2823668a7bf.txt,9a409dbb62497ee6aac7a2823668a7bf,清洁发电 生物燃料：印尼加快转型新经济模式,https://new.qq.com/omn/20210924/20210924A01G0N00.html,"清洁发电 生物燃料：印尼加快转型新经济模式,印尼,佐科·维多多,生物柴油,可再生能源",参考消息网9月24日报道印尼安塔拉通讯社近日报道称，在近期举行的一次跨部门联席会议上，印尼总统佐科·维多多强调了转向新能源、可再生能源和以绿色技术为基础的新经济模式对于国家未来发展的重要性。印尼总统……,,,2021/9/24,2021.0,new.qq.com,腾讯网,,,,,zh,印尼,,finance,,,,,,,,,,,,,,,,,,,,,,,,,,,,,,,,,,,,
text_91484bd6f359e43b01ae2e34a23ac53d.txt,91484bd6f359e43b01ae2e34a23ac53d,重磅！印尼计划停止大宗原材料出口，全球新能源产业链或受冲击,https://new.qq.com/rain/a/20211124A08F5600?ivk_sa=1024609w,"重磅！印尼计划停止大宗原材料出口，全球新能源产业链或受冲击,原材料,佐科·维多多,商品期货,印尼,出口",重磅！印尼计划停止大宗原材料出口，全球新能源产业链或受冲击,,,2021/11/24,2021.0,new.qq.com,腾讯网,,,,,zh,印尼,,finance,,,,,,,,,,,,,,,,,,,,,,,,,,,,,,,,,,,,
text_f1f602f6a7fbe504ca74e9c0562b63e9.txt,f1f602f6a7fbe504ca74e9c0562b63e9,印尼可再生能源丰富 拟调高电价吸引投资者,http://www.china-nengyuan.com/exhibition/exhibition_news_79936.html,,据印尼媒体7月8日综合报道，近日印尼总统佐科·维多多在考察西爪哇的地热发电站时称，印尼可再生能源十分丰富，但一直以来并未得到足够重视，未能得到较好... 关键字：印尼 可再生能源 地热发电站 太阳能,,展会动态,2015/7/13,2015.0,blog.sina.com.cn,新浪博客,,,,,zh,印尼,,,text_f1f602f6a7fbe504ca74e9c0562b63e9,,,,,,,,,,,,,,,,,,,,,,,,,,,,,,,,,,,
text_text_15e7f836c1971ee2da7ab50883304551.txt,text_15e7f836c1971ee2da7ab50883304551,转型绿色能源刻不容缓！印尼力图实现电动汽车国产化目标,https://xw.qq.com/cmsid/20211207A0118H00,"印尼,佐科·维多多,绿色能源,电动汽车,转型绿色能源刻不容缓！印尼力图实现电动汽车国产化目标",转型绿色能源刻不容缓！印尼力图实现电动汽车国产化目标，参考消息网12月7日报道据印尼安塔拉通讯社报道，日前在茂物总统府，印尼总统佐科·维多多向国有石油和天然气公司、国有电力公司的董事会成员发表演讲，指出该国从化石能源向绿色能源的转型已刻不容缓。“事实就……,,参考消息,2021/12/7,2021.0,xw.qq.com,腾讯新闻,,,,,zh,印尼,,,,,,,,,,,,,,,,,,,,,,,,,,,,,,,,,,,,,,
text_text_fe99a95d96e297878604d4bc13653005.txt,text_fe99a95d96e297878604d4bc13653005,印尼总统：印尼或于2022年停止出口铝矿、2023年停止出口铜矿、2024年停止出口锡矿,https://xw.qq.com/cmsid/20211124A04LZ100,"印尼,出口,佐科·维多多,印尼总统：印尼或于2022年停止出口铝矿、2023年停止出口铜矿、2024年停止出口锡矿",印尼总统：印尼或于2022年停止出口铝矿、2023年停止出口铜矿、2024年停止出口锡矿，路透社11月24日报道，印尼总统佐科·维多多（Joko Widodo）周三表示，印尼可能在2024年停止锡出口。此外，他重申，印尼政府可能在2022年停止出口铝土矿，在2023年停止出口铜矿。印尼此……,,界面新闻,2021/11/24,2021.0,xw.qq.com,腾讯新闻,,,,,zh,印尼,,,,,,,,,,,,,,,,,,,,,,,,,,,,,,,,,,,,,,
text_d48640e6c1eee41d84e0ce5bcd3b49a0.txt,d48640e6c1eee41d84e0ce5bcd3b49a0,印尼将继续限制铝土矿等原材料矿产品的出口,https://www.sohu.com/a/516314230_100043537,"政府,出口,维多多,能源,铝土矿,限制,矿产品,印尼,佐科,原材料,镍矿,能源,铝土矿,佐科·维多多,印度尼西亚",【华通白银网1月13日讯】据外媒报道，印度尼西亚总统佐科·维多多表示，政府将继续执行对原采矿商品出口的限制。 佐科·维多多说：“镍之后，我们将禁止铝土矿出口。过去，镍矿出口每年至少20亿美元，这意味着这是…,,华通白银网,2022/1/13,2022.0,www.sohu.com,搜狐,1337,0,0.0,,zh,印尼,,,,,,,,,,,,,,,,,,,,,,,,,,,,,,,,,,,,,,
text_8cafab51b5031717beb52a7c87e9e965.txt,8cafab51b5031717beb52a7c87e9e965,印尼因停止镍出口而被起诉，印尼总统佐科维：这是我们的权利！,https://new.qq.com/omn/20220118/20220118A0DFW600.html,"印尼因停止镍出口而被起诉，印尼总统佐科维：这是我们的权利！,佐科维,印度尼西亚_时政,印尼总统,欧盟_时政",1月17日，总统佐科·维多多 ( Jokowi ) 评估说，政府未来将关注三件事。其中之一是加速经济向具有附加值的经济转型。此外，佐科维表示，政府将重点关注的另外两件事是绿色经济的转型和加强数字经济……,,,2022/1/19,2022.0,new.qq.com,腾讯网,,,,,zh,印尼,,politics,,,,,,,,,,,,,,,,,,,,,,,,,,,,,,,,,,,,
text_24dea839265b7dbaca5339338e72cee6.txt,24dea839265b7dbaca5339338e72cee6,印尼总统佐科·维多多：印尼将来成为全球最大的锂电池生产国之一,https://www.sohu.com/a/413723432_728293,"印尼,维多多,佐科,锂电池,全球最大,新能源,莫罗瓦利,生产国,全国,交流,印尼,佐科·维多多,莫罗瓦利园区,新能源汽车厂,锂电池",雅加达8月14日，印尼总统佐科·维多多在印尼人全国民代表大会中致辞中讲印尼拥有全球镍资源最大的国家，印尼将来成为全球最大的锂电池生产国之一，将在全球新能源汽车产业发展占优势的地位。镍是万能的矿产资源，可加工为…,,中国镍业网,2020/8/18,2020.0,www.sohu.com,搜狐,162,0,0.0,,zh,印尼,,,,,,,,,,,,,,,,,,,,,,,,,,,,,,,,,,,,,,
text_d1e4667ddf53a8c4e9455462f236bb3d.txt,d1e4667ddf53a8c4e9455462f236bb3d,印度尼西亚反对停止砍伐树木协议|森林|总统|佐科|印度尼西亚,https://3g.163.com/dy/article/GOBME5TC05382G5G.html,"印度尼西亚,佐科,森林,总统,印度尼西亚,佐科,森林,总统",印度尼西亚环境部长称需要砍伐森林来开拓道路印度尼西亚批评了到2030年结束森林砍伐的全球协议条款，表明该国可能不会遵守该协议。环境部长SitiNurbayaBakar表示，当局不能“承诺我们不能做的事情”。,,,2021/11/9,2021.0,163.com,,,,,,zh,印尼,,,,,,,,,,,,,,,,,,,,,,,,,,,,,,,,,,,,,,
text_6292a3fec98ca76a1ab99b6c1ac3d2ed.txt,6292a3fec98ca76a1ab99b6c1ac3d2ed,印尼：化石燃料陷阱盖过了减排努力,http://www.360doc.com/content/21/0619/19/74005324_982773903.shtml,印尼：化石燃料陷阱盖过了减排努力,印尼：化石燃料陷阱盖过了减排努力,,Verda Nano Setiawan,2021/6/19,2021.0,360doc.com,,33,,,,zh,印尼,,,,,,,,,,,,,,,,,,,,,,,,,,,,,,,,,,,,,,
text_23dcac5836b4daf93664b16ab26ae78c.txt,23dcac5836b4daf93664b16ab26ae78c,日本NYK Line：与印尼石油天然气公司合资成立运输能源公司 | 物流报,https://www.56tim.com/archives/124550,"互联网,印度,物流,航运,船舶",近日日本NYK Line正式发布声明称已经与印尼国有石油天然气公司PT Pertamina (Persero)的全资子公司PT Pertamina International Shipping (PIS)就成立一家合资能源运输公司达成谅解备忘录。,,suifeng,2019/12/4,2019.0,56tim.com,,2053,,,,zh,印尼,,,,,,,,,,,,,,,,,,,,,,,,,,,,,,,,,,,,,,
text_6ce8019679af4dc6e56a97df75ba51bd.txt,6ce8019679af4dc6e56a97df75ba51bd,印尼政府的目标是到2022年在清洁能源方面投资39.1亿美元-印度尼西亚研究——华中师范大学中印尼人文交流研究中心官网,http://cistudy.ccnu.edu.cn/info/1124/14857.htm,"印度尼西亚研究——华中师范大学中印尼人文交流研究中心官网,印尼经济,印尼,政府,目标,2022,年在,清洁,能源,方面,投资,39.1,美元",能源和矿产资源部（ESDM）对今年在清洁能源分部门实现39.1亿美元的投资目标表示乐观。“2022年的目标是39.1亿美元。我们希望在地热部门和各种新的可再生能源（如水、风能和太阳能）上有大量的投资，”该部新可再生能源和能源保护总干事库斯迪纳（Dadan Kusdiana）在周一表示。库斯迪纳解释说，将实现39.1亿美元的投资目标，其中包括地热领域9.5亿美元、各种新再生能源27.9亿美元、生物能源1.6亿美元、节约能源0.01亿美元。据政...,印尼《安塔拉通讯社》,,2022/1/19,2022.0,ccnu.edu.cn,,12,,,,zh,印尼,,,,,,,,,,,,,,,,,,,,,,,,,,,,,,,,,,,,,,
text_da1a36481ae8ad5babdfbe826c603a60.txt,da1a36481ae8ad5babdfbe826c603a60,印尼大力发展可再生能源,http://www.ce.cn/cysc/ny/gdxw/201802/13/t20180213_28170527.shtml,印尼;可再生能源;发展;可再生能源发电;地热发电,印尼大力发展可再生能源,中国经济网—《经济日报》,田 原,2018/2/13,2018.0,ce.cn,,,,,,zh,印尼,,,,,,,,,,,,,,,,,,,,,,,,,,,,,,,,,,,,,,
text_8a893c2863415def62f370bb010cabd5.txt,8a893c2863415def62f370bb010cabd5,印尼2022年将成天然气净进口国,http://intl.ce.cn/specials/zxgjzh/201706/20/t20170620_23723328.shtml,印尼;进口;液化天然气;美国 ;研究中心;bmi;内需;雅加达,印尼2022年将成天然气净进口国,中国经济网-《经济日报》,田 原,2017/6/20,2017.0,ce.cn,,,,,,zh,印尼,,,,,,,,,,,,,,,,,,,,,,,,,,,,,,,,,,,,,,
text_57c33e08ad2a317b0f966525e20f5a91.txt,57c33e08ad2a317b0f966525e20f5a91,印尼太阳能产业 进入开发新阶段,http://intl.ce.cn/specials/zxgjzh/201204/19/t20120419_23254575.shtml,印尼;太阳能产业;开发;太阳能发电站;李国章,印尼太阳能产业 进入开发新阶段,中国经济网—《经济日报》,李国章,2012/4/19,2012.0,ce.cn,,,,,,zh,印尼,,,,,,,,,,,,,,,,,,,,,,,,,,,,,,,,,,,,,,
text_226337f2d8ca11cb51a8bb6930a97f3f.txt,226337f2d8ca11cb51a8bb6930a97f3f,REC太阳能浮动电池板进入印度尼西亚市场,http://www.chemchina.com.cn/portal/xwymt/jtxw/webinfo/2016/05/1464052386278828.htm,REC,5月18日，REC太阳能在印度尼西亚西爪哇省政府基地展示其浮动式高性能太阳能电池板，此举标志着REC太阳能的浮动光伏设备正式进入印度尼西亚市场。,中国化工集团,,2016/5/19,2016.0,chemchina.com.cn,,,,,,zh,印尼,,,,,,,,,,,,,,,,,,,,,,,,,,,,,,,,,,,,,,
text_51f7eb7428941da3fd278efe4c21e847.txt,51f7eb7428941da3fd278efe4c21e847,中国印尼加强两国全面战略伙伴关系联合声明,https://news.china.com/domestic/945/20150326/19431596_1.html,中国印尼加强两国全面战略伙伴关系联合声明,新华社北京3月26日电 中华人民共和国和印度尼西亚共和国关于加强两国全面战略伙伴关系的联合声明 2015年3月26日，北京 一、应中华人民共和国主席习近平邀请,,,2015/3/26,2015.0,china.com,,,,,,zh,印尼,,,,,,,,,,,,,,,,,,,,,,,,,,,,,,,,,,,,,,
text_a6587d23539fb499d6a4c437222ec307.txt,a6587d23539fb499d6a4c437222ec307,加强国际合作，携手推动绿色复苏（国际视点）,https://news.china.com/internationalzq/13004216/20210602/39633452_1.html,,核心阅读 当前，世界经济不稳定性、不确定性增加，全球绿色和可持续发展面临严峻挑战。刚刚落幕的第二届全球绿色目标伙伴2030峰会呼吁进一步强化国际合作，支持发展中国家实现绿色低碳转型，携手推动疫情后全球经济绿色复苏,人民日报,,2021/6/2,2021.0,china.com,,,,,,zh,印尼,,,,,,,,,,,,,,,,,,,,,,,,,,,,,,,,,,,,,,
text_bacf7c8c3ef37d811cd081adbfddb1b1.txt,bacf7c8c3ef37d811cd081adbfddb1b1,专访：中印尼可再生能源合作前景广阔,http://news.china.com.cn/2021-06/24/content_77582747.htm,"可再生能源,燃煤电站,巴黎协定,矿业,碳排放",,新华社,余谦梁,2021/6/24,2021.0,china.com.cn,,,,,,zh,印尼,,,,,,,,,,,,,,,,,,,,,,,,,,,,,,,,,,,,,,
text_181bd01519991456796274489638b810.txt,181bd01519991456796274489638b810,印度尼西亚将建第一个大规模太阳能PPA项目-新闻-能源资讯-中国能源网,https://www.china5e.com/news/news-1084015-1.html,"能源新闻,能源经济,电力,煤炭,油气,新能源,节能环保,分布式能源",近日，煤炭生产商SESM计划在南苏门答腊岛建造一座10MW的离网混合太阳能发电厂。根据一项为期20年的电力购买协议，棕榈油生产商将购买太阳能发电。,北极星太阳能光伏网,,2020/3/5,2020.0,china5e.com,,,,,,zh,印尼,,,,,,,,,,,,,,,,,,,,,,,,,,,,,,,,,,,,,,
text_dd4fb36d7272f9eb753cbf43e55e7ca0.txt,dd4fb36d7272f9eb753cbf43e55e7ca0,印度尼西亚将开建全球最大地热电站,http://www.chinacrane.net/news/201406/04/76146.html,"印度尼西亚将开建全球最大地热电站,行业资讯",据印度尼西亚经济部长Chairul Tanjung透露，6月，印度尼西亚将开建拖延已久的Sarulla地热电站。该电站价值16亿美元，装机330兆瓦，建成后将成为全球最大地热电站。南亚最大经济体印尼拥有世界上最丰富的地热资源，储藏量约为2900万千瓦，占全球总量的40%。目前，印尼地热发电装机已达120万千瓦。但随着印尼2004年成为原油进口国，且该国电,全球起重机械网,,2014/6/4,2014.0,chinacrane.net,,3099,,,,zh,印尼,,,,,,,,,,,,,,,,,,,,,,,,,,,,,,,,,,,,,,
text_ff4c830c109525d9afabf67871b2c5d9.txt,ff4c830c109525d9afabf67871b2c5d9,2023年后印尼将不再新建燃煤电厂,http://www.chinaresc.com/index.php/News/pricecoal/id/53094,"一带一路,自贸区,期货,雾霾,核电,石油,煤炭,铁矿石,天然气,有色金属,新能源,塑料,钢铁,大宗商品,中铁国恒",中铁国恒大宗财经，是整合大宗行业信息，提供产业资讯，梳理公司报道，解读大宗数据的行业领先的大宗商品资讯平台。,,,2021/5/14,2021.0,chinaresc.com,,,,,,zh,印尼,,,,,,,,,,,,,,,,,,,,,,,,,,,,,,,,,,,,,,
text_93827d821a6b7364ff65fd1164d18780.txt,93827d821a6b7364ff65fd1164d18780,印尼计划新建的光伏电站4月起招标-雨果网,https://www.cifnews.com/article/2147,"印尼计划新建的光伏电站4月起招标,印尼",印尼政府计划建设150MW的光伏电站，将于今年4月份对该项目开始招标，合同总额约19.5亿美元。,,雨果跨境,2013/4/1,2013.0,cifnews.com,,,,,,zh,印尼,,,,,,,,,,,,,,,,,,,,,,,,,,,,,,,,,,,,,,
text_be32c58c80095a4833261ebb07f8f576.txt,be32c58c80095a4833261ebb07f8f576,印尼总统佐科维表示，将继续限制铝土矿等原材料矿产品的出口-世铝网,http://news.cnal.com/law/1/2009-08-10/579629.shtml,印尼总统佐科维表示，将继续限制铝土矿等原材料矿产品的出口,印尼总统佐科维表示，将继续限制铝土矿等原材料矿产品的出口,我的钢铁网,,2022/1/12,2022.0,cnal.com,,,,,,zh,印尼,,,,,,,,,,,,,,,,,,,,,,,,,,,,,,,,,,,,,,
text_e8abac94319a458a930450c41674e67c.txt,e8abac94319a458a930450c41674e67c,碳减排当前，印尼仍难舍煤炭,http://www.cnenergynews.cn/meitan/2021/05/07/detail_2021050796836.html,碳减，印尼,印尼34%的能源供给仍将来自煤炭。新能源和可再生能源在印尼能源结构中的占比将达到23%。根据印尼政府的新能源和可再生能源发展战略。,国际能源参考,,2021/5/7,2021.0,cnenergynews.cn,,,,,,zh,印尼,,,,,,,,,,,,,,,,,,,,,,,,,,,,,,,,,,,,,,
text_4558c223c459af72b1fa62827d03da48.txt,4558c223c459af72b1fa62827d03da48,全球最大储能项目有望落户印尼 以解新加坡电力供应困境,http://www.cnenergynews.cn/chuneng/2021/10/28/detail_20211028109561.html,全球最大储能项目有望落户印尼 以解新加坡电力供应困境,随着光伏在全球逐步推广，这种可再生能源发电模式已备受市场欢迎，拥有丰富镍储量的印度尼西亚也不甘示弱，并大力发展其光伏产业，新加坡太阳能开发商Sunseap Group Pte宣布一项计划，在印尼廖内群岛区域开启大规模光伏项目，届时其储能工厂将达到全球最大规模。,财联社,阿荣,2021/10/28,2021.0,cnenergynews.cn,,,,,,zh,印尼,,,,,,,,,,,,,,,,,,,,,,,,,,,,,,,,,,,,,,
text_f568daf5d71fd908f9c3545479ee5677.txt,f568daf5d71fd908f9c3545479ee5677,印尼宣布1月份禁止煤炭出口 1月5日后进一步评估禁令,http://sc.stock.cnfol.com/guojishichang/20220103/29361165.shtml,"煤炭,市场,政策,数据,银行,消费,银行",据外媒报道 印尼能源和矿产资源部 ESDM 矿产和煤炭总干事里德万·贾马鲁丁 RidwanDjamaluddin 1月1日表示 由于担心国内发电厂供应不足可能导致大范围停电 印尼宣布2022年1月份禁止煤炭出口 印尼是全球最大的动力煤出口国 2020年的出,金十数据,,2022/1/3,2022.0,cnfol.com,,,,,,zh,印尼,,,,,,,,,,,,,,,,,,,,,,,,,,,,,,,,,,,,,,
text_3fbe53a65e60cd9af8f92bbc00f16c65.txt,3fbe53a65e60cd9af8f92bbc00f16c65,【零碳新经济】承诺到2060年逐步淘汰化石燃料以实现碳中和 印尼这一愿景如何成为现实？,http://gold.cnfol.com/caijingyaowen/20210722/29019526.shtml,美元,2021年5月 印尼国有电力公司PerusahanListrikNegara 以下简称PLN 承诺到2060年逐步淘汰化石燃料 以实现碳中和 代尔夫特理工大学技术 政策与管理学院研究员 澳大利亚国立大学监管与全球治理学院 RegNet 访问研究员Abida,FX168大陆站,,2021/7/22,2021.0,cnfol.com,,,,,,zh,印尼,,,,,,,,,,,,,,,,,,,,,,,,,,,,,,,,,,,,,,
text_d104ec798bcf866628e77b890e4d3fa5.txt,d104ec798bcf866628e77b890e4d3fa5,煤炭，煤炭价格，印尼能源部长：印尼可再生能源投资前景广阔,http://www.coalresource.com/news/4629689/info,"印尼,可再生能源,投资,煤炭,电力",据新华社报道，印尼能源与矿产资源部长阿里芬?塔斯里夫（Arifin Tasrif）表示，印尼电力基础设施及采矿加工业的发展将迎来多重机遇，并欢迎中国投资者加入。 塔斯里夫在接...,中国煤炭资源网,,2021/6/25,2021.0,coalresource.com,,,,,,zh,印尼,,,,,,,,,,,,,,,,,,,,,,,,,,,,,,,,,,,,,,
text_5639da3ab34463c66151d6dfa1288067.txt,5639da3ab34463c66151d6dfa1288067,煤炭，煤炭价格，印尼财长：财政帮助下 印尼或可2040年实现退煤,http://www.coalresource.com/news/4638806/info,"印尼,煤炭,能源,退煤",外媒11月2日报道，如果能够从国际社会获得足够的财政帮助，印尼或可在2040年前逐步淘汰燃煤电厂。 印尼是世界上最大的煤炭出口国。该国人口据世界第四，同时也是第八大温室气体排...,中国煤炭资源网,,2021/11/3,2021.0,coalresource.com,,,,,,zh,印尼,,,,,,,,,,,,,,,,,,,,,,,,,,,,,,,,,,,,,,
text_63cb79115ed6d6cb62334d202f01055b.txt,63cb79115ed6d6cb62334d202f01055b,印度尼西亚将在全球的帮助下，到2030年将碳排放量减少41%,http://news.fx678.com/202111290949482460.shtml,印度尼西亚将在全球的帮助下，到2030年将碳排放量减少41%,印度尼西亚将在全球的帮助下，到2030年将碳排放量减少41%,,,2021/11/29,2021.0,fx678.com,,2893,,,,zh,印尼,,,,,,,,,,,,,,,,,,,,,,,,,,,,,,,,,,,,,,
text_bc9af3f6c1a784926cc56eef4fcafe13.txt,bc9af3f6c1a784926cc56eef4fcafe13,印尼国内能源的天然气行业 |GBG,http://www.gbgindonesia.com/zh-cn/energy/article/2012/indonesia_s_gas_industry_prioritising_domestic_demand_and_new_opportunities.php,印尼国内能源的天然气行业,印尼能源的天然气行业信息和分析包括国内能源业的关键机遇以及NGV和CNG,,,2022/1/1,2022.0,gbgindonesia.com,,,,,,zh,印尼,,,,,,,,,,,,,,,,,,,,,,,,,,,,,,,,,,,,,,
text_46c773c3cb8320772a68598708690c19.txt,46c773c3cb8320772a68598708690c19,印尼政府研究报告：印尼在未来9年需每年投资1500亿至2000亿美元用于低碳计划,https://finance.ifeng.com/c/8AJQvNJwrYs,印尼 印尼政府 路透社 报告,印尼政府研究报告：印尼在未来9年需每年投资1500亿至2000亿美元用于低碳计划,同花顺金融研究中心,,2021/10/13,2021.0,ifeng.com,,,,,,zh,印尼,,,,,,,,,,,,,,,,,,,,,,,,,,,,,,,,,,,,,,
text_1fe5cde62162f6648be8c887a8987adb.txt,1fe5cde62162f6648be8c887a8987adb,印尼大幅调整新能源电厂电价-国际风力发电网,https://mwind.in-en.com/html/wind-2407868.shtml,"印尼大幅调整新能源电厂电价风电场,风场要闻,风电场动态国际风力发电网",印尼大幅调整新能源电厂电价为促进新能源发展，印尼能矿部拟修改新能源电厂的定价机制，目前已经完成初稿，提交总统办公室确认后以总统令方式颁布实施。按照能矿部初稿，将有三种定价机制，包括：1. 上网电价FIT。针对特定风电产业 国际风力发电网,海外电力,,2021/10/12,2021.0,in-en.com,,16915,,,,zh,印尼,,,,,,,,,,,,,,,,,,,,,,,,,,,,,,,,,,,,,,
text_5b656fd52d2f3250c7930c964be37bbd.txt,5b656fd52d2f3250c7930c964be37bbd,印尼总统称计划对所有大宗商品原材料出口“踩刹车”-铝业资讯,https://al.iyunhui.com/news-514129/,"印尼总统称计划对所有大宗商品原材料出口“踩刹车”,大宗商品",印尼总统佐科-维多多(Joko Widodo)周二表示，该国正计划对所有大宗商品原材料出口“踩刹车”，以吸引对本土资源加工领域的投资，并创造就业。印尼已禁止镍、锡和铜等多种未加工矿石出口，以鼓励下游产业，包括生产电动汽车电池和铝加工等行业。维多多在婆罗洲Bebatu村接受采访时表示，政府目前正在进行一项有关其他大宗商品下游产业的研究，长期目标是不再只销售原材料。他说，明年有望出台一项新政策。“别惊,路透,,2021/10/21,2021.0,iyunhui.com,,,,,,zh,印尼,,,,,,,,,,,,,,,,,,,,,,,,,,,,,,,,,,,,,,
text_68ad85c6afbb5cf02a58eae8c21bfe3b.txt,68ad85c6afbb5cf02a58eae8c21bfe3b,印尼税制面临大调，计划引入碳排放税,http://www.jyteg.com/zixun/11334.html,印尼，税制，大调，碳排放税,洗选筛分智能云平台，德国STC、德国SKG合作伙伴，绿色开采整体解决方案，德国沙石骨料生产系统，先进分离装备、节能减排装备，新兴产业,能源舆情,,2021/5/25,2021.0,jyteg.com,,659,,,,zh,印尼,,,,,,,,,,,,,,,,,,,,,,,,,,,,,,,,,,,,,,
text_e013f5184f36a5cbf280554c20b72381.txt,e013f5184f36a5cbf280554c20b72381,青山拟投建清洁能源项目 包括太阳能、风能发电站及配套设施,http://www.metalinfo.com.cn/default/metal/MI/1204727,青山拟投建清洁能源项目 包括太阳能、风能发电站及配套设施,青山拟投建清洁能源项目 包括太阳能、风能发电站及配套设施,,,2021/3/9,2021.0,metalinfo.com.cn,,,,,,zh,印尼,,,,,,,,,,,,,,,,,,,,,,,,,,,,,,,,,,,,,,
text_a015c247a895a316c090f73accbdf4de.txt,a015c247a895a316c090f73accbdf4de,印尼政府说，虽然印尼是世界温室气体排放第三大国，但是通过减少毁林可提供很大的机会 - 环境新闻,https://cn.mongabay.com/2010/10/%E5%8D%B0%E5%B0%BC%E6%94%BF%E5%BA%9C%E8%AF%B4%EF%BC%8C%E8%99%BD%E7%84%B6%E5%8D%B0%E5%B0%BC%E6%98%AF%E4%B8%96%E7%95%8C%E6%B8%A9%E5%AE%A4%E6%B0%94%E4%BD%93%E6%8E%92%E6%94%BE%E7%AC%AC%E4%B8%89%E5%A4%A7/,印尼政府说，虽然印尼是世界温室气体排放第三大国，但是通过减少毁林可提供很大的机会 ,在本月初，印尼国家气候变化委员会（DNPI）发表了一系列的研究报告，在这些报告中说，印尼排放的温室气体二氧化碳 […],Rhett Butler,,2010/10/27,2010.0,mongabay.com,,,,,,zh,印尼,,,,,,,,,,,,,,,,,,,,,,,,,,,,,,,,,,,,,,
text_5a9509b9d2eb1183d156dfc2c019c5ad.txt,5a9509b9d2eb1183d156dfc2c019c5ad,Nickel Mines在印度尼西亚开发200MWp太阳能项目 促进绿色能源的使用,https://info.mybxg.com/22/0120/10/09B7EEA92D6E9374.html, 我的不锈钢网,当地时间19日，NickelMines公司希望通过一个新的太阳能项目来加强对绿色能源的使用，该项目将有助于为其在印度尼西亚的镍加工业务提供动力。公司已任命PTSumberEnergiSuryaNusa,我的不锈钢网,,2022/1/20,2022.0,mybxg.com,,,,,,zh,印尼,,,,,,,,,,,,,,,,,,,,,,,,,,,,,,,,,,,,,,
text_d98edfc296a2440628eba2e55da11d4e.txt,d98edfc296a2440628eba2e55da11d4e,印尼PLN拒购可再生能源 政府或建电厂,https://www.mycoal.cn/news/82250.html,"煤炭,动力煤,煤价",印尼国家电力公司（Perusahaan Listrik Negara）因可再生能源成本高昂而拒绝购买可再生能源。为此，印尼打算新成立专门采购可再生能源的公司。印尼总统佐科维多多（Joko Widodo）计划到2020年将地热能产量增加两倍，,中国煤炭资源网,,2016/1/15,2016.0,mycoal.cn,,,,,,zh,印尼,,,,,,,,,,,,,,,,,,,,,,,,,,,,,,,,,,,,,,
text_a7af3819e9bc87c686434c0fba7e38be.txt,a7af3819e9bc87c686434c0fba7e38be,印尼电池储能市场需求大 未来发展前景良好,http://www.newsijie.cn/TZD/TouZiDiMenuInfo/11507/5/5/TZHJ,电池储能,印尼电池储能市场需求大 未来发展前景良好,www.newsijie.cn,林梓一,2020/11/9,2020.0,newsijie.cn,,4,,,,zh,印尼,,,,,,,,,,,,,,,,,,,,,,,,,,,,,,,,,,,,,,
text_7f3988f73046f3c6f701d11c827fa971.txt,7f3988f73046f3c6f701d11c827fa971,印尼承諾2030年前減少29%碳排放--生態--人民網,http://env.people.com.cn/BIG5/n/2015/0911/c1010-27573735.html,印尼承諾2030年前減少29%碳排放,一位印尼的伐木工正在作業。（自《衛報》）據《衛報》報道，印度尼西亞環境與林業部長巴卡爾（SitiNurbayaBakar）近日表示，印尼將承諾2030年前實現二氧化碳排放減少29%，但是並未給出如何減,人民网-环保频道,,2015/9/11,2015.0,people.com.cn,,,,,,zh,印尼,,,,,,,,,,,,,,,,,,,,,,,,,,,,,,,,,,,,,,
text_a81ec6464c5c102a5225562213b2dfa2.txt,a81ec6464c5c102a5225562213b2dfa2,印尼可再生能源开发能力不足 调高电价引投资,https://bg.qianzhan.com/report/detail/458/150714-42f98dab.html,"可再生,能源",近日印尼总统佐科·维多多在考察西爪哇的地热发电站时称，印尼可再生能源十分丰富，但一直以来并未得到足够重视，未能得到较好的开发利用，要求印尼海洋事务统筹部长、国企部长和能矿部长研究调高可再生能源电价以吸引投资者。,前瞻产业研究院,,2015/7/15,2015.0,qianzhan.com,,19,,,,zh,印尼,,,,,,,,,,,,,,,,,,,,,,,,,,,,,,,,,,,,,,
text_17cd1ed0f787e11fcdcdd8510d105e73.txt,17cd1ed0f787e11fcdcdd8510d105e73,中国电建签署印尼奇拉塔漂浮光伏项目,https://xw.qq.com/cmsid/20210430A0CIS200,中国电建签署印尼奇拉塔漂浮光伏项目,中国电建签署印尼奇拉塔漂浮光伏项目,,,2021/10/1,2021.0,qq.com,,,,,,zh,印尼,,,,,,,,,,,,,,,,,,,,,,,,,,,,,,,,,,,,,,
text_bdce1ddadbdadf41ac8282acf3a62fce.txt,bdce1ddadbdadf41ac8282acf3a62fce,印尼承诺大幅削减温室气体排放,https://news.sciencenet.cn/sbhtmlnews/2012/6/259048.shtm,印尼承诺大幅削减温室气体排放,印尼承诺大幅削减温室气体排放,中国科学报,郑世波,2012/6/7,2012.0,sciencenet.cn,,,,,,zh,印尼,,,,,,,,,,,,,,,,,,,,,,,,,,,,,,,,,,,,,,
text_b9f589a07e941081538ca80c4a6a1700.txt,b9f589a07e941081538ca80c4a6a1700,印日签署能源转型合作备忘录 促进双方实现能源转型计划 - Shangbao Indonesia,http://www.shangbaoindonesia.com/read/2022/01/10/economy-1641823900,"shangbao,indonesia,news paper shangbao indonesia",【安塔拉社雅加达讯】昨日，我国政府与日本政府签署了能源转型合作备忘录（MoC），来促进双方实现能源转型计划的合作。 能源转型合作备忘录由能源与矿产资源部长Arifin Tasri,,,2022/1/10,2022.0,shangbaoindonesia.com,,613,,,,zh,印尼,,,,,,,,,,,,,,,,,,,,,,,,,,,,,,,,,,,,,,
text_ad98c08588b16881e08ff45d708b022f.txt,ad98c08588b16881e08ff45d708b022f,印度尼西亚将进行能源转型 重点发展核能|印度尼西亚|气候变化|核电,http://mil.news.sina.com.cn/2018-02-13/doc-ifyrkzqr2867192.shtml,"印度尼西亚,气候变化,核电",【环球网综合报道】据台湾“中时电子报”2月12日报道，为了增加电力供应量，应对空气污染及气候变化问题，印度尼西亚未来将进行能源转型，重点发展核能。印尼评估，未来10年的电力供应量必须比现在再多1倍，才能跟上日益增长人口数量和经济发展水平。同,,田瑞哲,2018/2/13,2018.0,sina.com.cn,,,,,,zh,印尼,,,,,,,,,,,,,,,,,,,,,,,,,,,,,,,,,,,,,,
text_7e85a579c9dbe37647a3e5fa4ccb1366.txt,7e85a579c9dbe37647a3e5fa4ccb1366,印尼加入世行林业碳减排机制-搜狐新闻,http://news.sohu.com/20090309/n262694973.shtml,世行 林业,印尼加入世行林业碳减排机制,人民网,,2009/3/9,2009.0,sohu.com,,,,,,zh,印尼,,,,,,,,,,,,,,,,,,,,,,,,,,,,,,,,,,,,,,
text_3c90973437907e5b07deb0fcf06dae90.txt,3c90973437907e5b07deb0fcf06dae90,中国和印尼寻求低碳能源合作机遇-绿色频道,http://green.sohu.com/20101020/n276063446.shtml,印尼 张国宝,中国和印尼寻求低碳能源合作机遇,广西新闻网-南国早报,,2010/10/20,2010.0,sohu.com,,,,,,zh,印尼,,,,,,,,,,,,,,,,,,,,,,,,,,,,,,,,,,,,,,
text_1deb9f8266d82a94ed721c19e86762c9.txt,1deb9f8266d82a94ed721c19e86762c9,加速能源绿色转型 印尼深挖400GW光伏发电潜力！,http://mt.sohu.com/a/514972068_418320,"Aji,能源,公司,印尼,电力,部署,系统,绿色,发电,转型,Aji,能源,印尼,印度尼西亚,光伏",迄今为止，印尼累计部署的可再生能源发电设施并不多，其能源结构仍严重依赖燃烧发电，但如果光伏安装率大幅上升，可能会对东南亚这个最大的经济体产生变革性影响。 Lubis预测印尼未来五年光伏发电装机容量将…,,,2022/1/7,2022.0,sohu.com,,,,,,zh,印尼,,,,,,,,,,,,,,,,,,,,,,,,,,,,,,,,,,,,,,
text_ef75e26cb43723706d647407c3cca2dd.txt,ef75e26cb43723706d647407c3cca2dd,印度尼西亚东固液化天然气（Tangguh LNG）项目印尼政府部门已批准包括CCUS项目在内的整体开发计划 | 双日株式会社,https://www.sojitz.com/ch/news/2021/08/20210830.php,"Sojitz, sogo shosha, general trading comapany",View information on SKK Migas approved Plan of Development for Ubadari Field and Vorwata CCUS at Tangguh LNG Project of Sojitz Corporation,,,2021/8/30,2021.0,sojitz.com,,,,,,zh,印尼,,,,,,,,,,,,,,,,,,,,,,,,,,,,,,,,,,,,,,
text_7965478ad8ab8b8359f86fd746dce1d2.txt,7965478ad8ab8b8359f86fd746dce1d2,印尼总统：2030年实现净零排放｜UNFCCC COP26,http://www.thepaper.cn/newsDetail_forward_15204885,印尼总统：2030年实现净零排放,2021年11月2日，UNFCCC在格拉斯哥召开的COP26气候大会上，印度尼西亚总统Joko Widodo在领袖论坛：森林和土地使用的行动中致辞。绿会国际部代,澎湃新闻·澎湃号·政务,,2021/11/3,2021.0,thepaper.cn,,,,0.0,,zh,印尼,,,,,,,,,,,,,,,,,,,,,,,,,,,,,,,,,,,,,,
text_d6ad47babcda2b1b60e1e11a7c3fa1ee.txt,d6ad47babcda2b1b60e1e11a7c3fa1ee,全球第八大温室气体排放国印尼宣布将在2060年（或更早）实现净零碳排的目标 - 神秘的地球 科学|自然|地理|探索,http://www.uux.cn/viewnews-108688.html,"温室气体,印尼,神秘,地球,气候,美国,世界,海洋 ,科学,自然,地理,探索",全球第八大温室气体排放国印尼宣布将在2060年（或更早）实现净零碳排的目标（神秘的地球uux.cn报道）据环境资讯中心（黄钰婷 编译；林大利 审校）：今年7月21日，全球第八大温室气体排放国印尼，向联合国提交更新 神秘的地球网站内容涉及宇宙奥秘、航空航天、动物世界、植物世界、远古生物、考古发现、自然现象、未解之谜、UFO、水怪、野人、奇闻怪事、国家地理、旅游探险、历史军事、探索发现、科技新知等等。,神秘的地球,,2021/9/17,2021.0,uux.cn,,,,,,zh,印尼,,,,,,,,,,,,,,,,,,,,,,,,,,,,,,,,,,,,,,
text_4664ae297e4886be54c1850fc2569da6.txt,4664ae297e4886be54c1850fc2569da6,航天机电拟在印尼合作开展200MW太阳能整体项目,https://m.yicai.com/news/1873184.html,航天机电,航天机电7月5日晚公告称，公司当日与印尼能源矿产部下属可再生能源司、印尼巴塞尔公司签署备忘录，拟制定实施总装机量为200MW整体项目以及1MW示范性光伏电站项目的规划。,,,2012/7/5,2012.0,yicai.com,,,,,,zh,印尼,,,,,,,,,,,,,,,,,,,,,,,,,,,,,,,,,,,,,,
text_fbe3891db6c408f8427b610f33c00af6.txt,fbe3891db6c408f8427b610f33c00af6,碳减排当前 印尼仍难舍煤炭,http://www.zhongmeigk.com/news-4654,"碳,煤炭",“淘汰煤炭，我们真的做不到。”印尼环境和林业部气候变化控制总监Ruandha Agung Sugardirman 近日公开如此表示。与此同时，印尼已经作出了“到2070年实现温室气体净零排放”的承诺。,,,2021/5/12,2021.0,zhongmeigk.com,,1238,,,,zh,印尼,,,,,,,,,,,,,,,,,,,,,,,,,,,,,,,,,,,,,,
text_08b73ccbe33ccb4dab9cc94e94b053b0.txt,08b73ccbe33ccb4dab9cc94e94b053b0,印尼暂不考虑核电 官员呼吁大力发展水电-嘉兴频道,http://jx.zjol.com.cn/system/2014/02/10/019850102.shtml,,中新社雅加达2月10日电(记者顾时宏)印尼水力资源丰富，但开发率极低，印尼官员呼吁大力发展水力发电，既缓解燃油补贴压力，又节能环保。国会日前也通过国家能源政策，暂不考虑核电。印尼国家发展计划部部长助理德迪日前称，印尼拥有丰富的水力资源，水力发电潜力高达7500万千瓦，而目前开发的水电机组装机总量仅约400万...,中国新闻网,张晓兰,2014/2/10,2014.0,zjol.com.cn,,,,,,zh,印尼,,,,,,,,,,,,,,,,,,,,,,,,,,,,,,,,,,,,,,
text_b7d4f33a7adb15eef7dabcf4eaa9c8af.txt,b7d4f33a7adb15eef7dabcf4eaa9c8af,据CNBC印尼频道报道，印尼一位高级内阁部长表示，引发煤炭出        -煤炭    |专塑视界,https://zshq.zuiyouliao.com/newsDetail-e6fea10aaf4f4c7da79b4eece1584aaf.html,"煤炭，专塑快讯,塑化资讯",据CNBC印尼频道报道，印尼一位高级内阁部长表示，引发煤炭出口禁令的电力紧急状态已经结束，但印尼政府今日仍将继续讨论这一领域的政策。印尼海事和投资事务协调部长Luhut Binsar Pandjaitan在周四晚间在与矿,,,2022/1/7,2022.0,zuiyouliao.com,,,,,,zh,印尼,,,,,,,,,,,,,,,,,,,,,,,,,,,,,,,,,,,,,,
