fileId,title,url,keywords,description,source,author,date,year,domainName,websiteName,views,comments,likes,forwardings,language,area,title_in_article,news_category
c6dc2c7d-eb86-46eb-b339-c0a8b4372723,学习进行时丨新年考察冬奥，习近平关心哪些事？--时政--人民网,http://politics.people.com.cn/n1/2022/0108/c1001-32326953.html,习近平 冬奥村 专项体能 冬奥会 残奥会 中国队 讲习所 中央军委主席 国家主席 中共中央总书记,【学习进行时】新年伊始，习近平总书记就开始了国内考察调研，在北京深入体育场馆、媒体中心、训练基地等，考察2022年冬奥会、冬残奥会筹办备赛工作。考察中，习近平都关心了哪些事？新华社《学习进行时》原,,,2022/1/8,2022,people.com.cn,人民网,,,,,zh,中国,,
41e99aef-dfbc-4cc2-9bd9-b86de311fa40,建设世界科技强国--理论-人民网,http://theory.people.com.cn/n1/2018/0103/c416126-29743058.html,",建设世界科技强国--理论",纵观人类发展历史，创新始终是一个国家、一个民族发展的重要力量，也始终是推动人类社会进步的重要力量。不创新不行，创新慢了也不行。如果我们不识变、不应变、不求变，就可能陷入战略被动，错失发展机遇，甚至错过，建设世界科技强国--理论,,,2018/1/3,2018,people.com.cn,人民网,,,,,zh,中国,,
bbf9c74a-31aa-4d5f-bd55-61dcf5afd5de,大国担当！中国引领全球气候治理（在习近平新时代中国特色社会主义思想指引下――新时代新作为新篇章）--国际--人民网,http://world.people.com.cn/n1/2018/0613/c1002-30054209.html,,“中国现在致力于向世界提供国际公共产品，在应对气候变化方面发挥关键作用，深入参与全球环境治理。当今世界需要中国这样负责任的国家在全球生态环境议题中发挥引领作用。”联合国副秘书长兼环境规划署执行主任,,,2018/6/13,2018,people.com.cn,人民网,,,,,zh,中国,,
cf88b67d-871b-456f-83b7-dd6d23508e96,全球低碳减排，中国展现大国担当--经济・科技--人民网,http://finance.people.com.cn/n1/2020/1019/c1004-31896423.html,,青海省海南藏族自治州共和县塔拉滩的光伏发电基地。 新华社记者邢广利摄 美国《外交政策》双月刊网站发表美国哥伦比亚大学历史学教授亚当・图泽的文章称，中国国家主席习近平近日在联合国大会的讲话中提到,,,2020/10/19,2020,people.com.cn,人民网,,,,,zh,中国,,
0de7fc01-686a-419a-a0c5-b714682cac59,习近平总书记批示关注的几桩破坏生态环境事件整治得咋样？-新华网,http://www.xinhuanet.com/politics/2016-03/11/c_128793729.htm,"生态环境,秦岭,煤田,保护区,卡拉",习近平总书记批示关注的几桩破坏生态环境事件整治得咋样？---秦岭山麓生态屏障违规建别墅、千岛湖饮水保护区违规填湖、青海木里煤田超采破坏植被、新疆卡拉麦里保护区“缩水”给煤矿让路等，就是其中的几件。,,,2016/3/11,2016,xinhuanet.com,新华网,,,,,zh,中国,,
06e04972-87b3-496c-afcb-1193f3317df7,习近平绿色发展三大思路：绿色惠民、绿色富国、绿色承诺-新华网,http://www.xinhuanet.com/politics/2016-01/10/c_128613086.htm,"习近平,绿色,发展难题,发展生产力,化石能源",,,,2016/1/10,2016,xinhuanet.com,新华网,,,,,zh,中国,,
52099097-f7d5-4dd9-be60-c675f9fb1a29,总书记倡绿植绿，来自太空的观察-新华每日电讯,http://news.xinhuanet.com/mrdx/2021-04/03/c_139855685.htm,,,,,2021/4/3,2021,xinhuanet.com,新华网,,,,,zh,中国,,
ea5b9d38-7760-4e19-a8cd-76db55038243,习近平：推动国土绿化不断取得实实在在的成效-新华网,http://www.xinhuanet.com/politics/2019-04/08/c_1124340513.htm,习近平,习近平：推动国土绿化不断取得实实在在的成效-新华网,,,2019/4/8,2019,xinhuanet.com,新华网,,,,,zh,中国,,
2e910b97-4f53-4c5e-95f2-12fc60800363,习近平致信祝贺第十九届国际植物学大会开幕--军事--人民网,http://military.people.com.cn/n1/2017/0725/c1011-29426830.html,,,,,2017/7/25,2017,people.com.cn,人民网,,,,,zh,中国,,
64c80d71-9256-4cc8-a3d0-be23623a4feb,习近平：建设绿色家园是人类的共同梦想【2】--时政--人民网,http://politics.people.com.cn/n1/2016/0407/c1001-28258626-2.html,习近平 荒漠生态系统 生态水位 碳储量 林业战略 绿色家园 人类命运 十三五 植树造林 大国责任,“万物各得其和以生，各得其养以成。”良好的生态是人类发展的基础，美丽的绿色是人类共同的期盼。4月5日上午，习近平在参加首都义务植树活动时指出：“建设绿色家园是人类的共同梦想。我们要着力推进国土绿化,,,2016/4/7,2016,people.com.cn,人民网,,,,,zh,中国,,
979b4764-b9e1-4714-8fe8-8860338fc061,习近平：发扬中华民族爱树植树护树好传统?推动国土绿化不断取得实实在在的成效--新闻报道-中国共产党新闻网,http://cpc.people.com.cn/n1/2019/0409/c64094-31018709.html,",习近平：发扬中华民族爱树植树护树好传统?推动国土绿化不断取得实实在在的成效--新闻报道",4月8日，党和国家领导人习近平、栗战书、汪洋、王沪宁、赵乐际、韩正、王岐山等来到北京市通州区永顺镇参加首都义务植树活动。这是习近平同大家一起植树。 新华社记者谢环驰摄要践行绿水青山就是金山银山的理念，习近平：发扬中华民族爱树植树护树好传统 推动国土绿化不断取得实实在在的成效--新闻报道,,,2019/4/9,2019,people.com.cn,人民网,,,,,zh,中国,,
b27f781a-0088-4d68-ad2e-3f0b25499c10,习近平：像对待生命一样对待生态环境 让祖国大地不断绿起来美起来-新华网,http://www.xinhuanet.com/politics/2018-04/02/c_1122627178.htm,习近平,习近平：像对待生命一样对待生态环境 让祖国大地不断绿起来美起来---中共中央总书记、国家主席、中央军委主席习近平2日上午在参加首都义务植树活动时强调，绿化祖国要坚持以人民为中心的发展思想，广泛开展国土绿化行动，人人出力，日积月累，让祖国大地不断绿起来美起来。,,,2018/4/2,2018,xinhuanet.com,新华网,,,,,zh,中国,,
a1559ae7-6b29-485d-afee-2c3918e8a38f,跟总书记一起“做种树者”-新华网,http://www.xinhuanet.com/politics/2018-04/02/c_1122627995.htm,习近平,跟总书记一起“做种树者”---,,,2018/4/2,2018,xinhuanet.com,新华网,,,,,zh,中国,,
701de444-8be9-41dc-abc4-29334f82486a,习近平对河北塞罕坝林场建设者感人事迹作出重要指示-新华网,http://news.xinhuanet.com/politics/2017-08/28/c_1121557749.htm,习近平,,,,2017/8/28,2017,xinhuanet.com,新华网,,,,,zh,中国,,
ab2f652a-f644-4ab6-89f7-c878c8d89891,习近平等参加义务植树活动：保护好每一寸绿色-高层动态-新华网,http://www.xinhuanet.com/politics/2014-04/04/c_1110114909.htm,习近平,习近平等参加义务植树活动：保护好每一寸绿色---植树间隙，习近平同北京市和国家林业局负责同志谈起造林绿化工作，对新中国成立60多年来我国植树造林取得的成绩给予充分肯定。,,,2014/4/4,2014,xinhuanet.com,新华网,,,,,zh,中国,,
752afdba-0c66-4e2a-8477-947b48796736,习近平：把造林绿化事业一代接着一代干下去-新华网,http://www.xinhuanet.com/politics/2017-03/29/c_1120720192.htm,习近平,,,,2017/3/29,2017,xinhuanet.com,新华网,,,,,zh,中国,,
40b92aaa-a8fb-4c32-8106-e8490211ebad,习近平在联合国生物多样性峰会上的讲话（全文）-新华网,http://www.xinhuanet.com/politics/leaders/2020-09/30/c_1126565287.htm,习近平,习近平在联合国生物多样性峰会上的讲话（全文）-新华网,,,2020/9/30,2020,xinhuanet.com,新华网,,,,,zh,中国,,
4ceaf49b-97dc-478a-bf2e-af0012b2e477,中美关系、5G技术…习近平的最新回应来了--国际--人民网,http://world.people.com.cn/n1/2019/0608/c1002-31125656.html,习近平 一带一路 中美关系 中方愿 国际社会 普京总统 联合国 议程 圣彼得堡 金钥匙,【学习小组按】 最新消息，6月8日上午，在结束对俄罗斯国事访问并出席第二十三届圣彼得堡国际经济论坛后，习近平回到北京。 在圣彼得堡国际经济论坛上，习近平出席并发表题为《坚持可持续发展 共创繁荣,,,2019/6/8,2019,people.com.cn,人民网,,,,,zh,中国,,
d31d998c-62cd-47f2-bebc-8b817c1d3eac,习近平：避免使城市变成一块密不透气的“水泥板”--专题报道-人民网,http://cpc.people.com.cn/xuexi/n1/2018/0226/c385476-29834583.html,",习近平：避免使城市变成一块密不透气的“水泥板”--专题报道",“学习路上”大型网络数据库 点击进入【学习路上按】党的十八大以来，习近平同志关于社会主义生态文明建设的一系列重要论述，立意高远，内涵丰富，思想深刻，对于我们深刻认识生态文明建设的，习近平：避免使城市变成一块密不透气的“水泥板”--专题报道,,,2018/2/26,2018,people.com.cn,人民网,,,,,zh,中国,,
7ab14d20-e88e-4870-a139-e164cb7a5b8d,习近平：培养热爱自然珍爱生命的生态意识--新闻报道-人民网,http://cpc.people.com.cn/n1/2017/0329/c64094-29178009.html,",习近平：培养热爱自然珍爱生命的生态意识--新闻报道",习近平在参加首都义务植树活动时强调培养热爱自然珍爱生命的生态意识把造林绿化事业一代接着一代干下去张德江俞正声刘云山王岐山张高丽参加中共中央总书记、国家主席、中央军委主席习近平29日上午在参加首都义务植，习近平：培养热爱自然珍爱生命的生态意识--新闻报道,,,2017/3/29,2017,people.com.cn,人民网,,,,,zh,中国,,
9e27b30c-1f2d-4861-8579-85c555e28a7f,习近平：人与自然是个生命共同体--理论-人民网,http://theory.people.com.cn/n1/2017/0609/c40531-29328854.html,"大自然 尊崇自然 人类 人与自然关系 三山两河 山水 蒙古族 自然界 种植 林田湖,习近平：人与自然是个生命共同体--理论",我们要认识到，山水林田湖是一个生命共同体，人的命脉在田，田的命脉在水，水的命脉在山，山的命脉在土，土的命脉在树。用途管制和生态修复必须遵循自然规律，如果种树的只管种树、治水的只管治水、护田的单纯护田，，习近平：人与自然是个生命共同体--理论,,,2016/9/5,2016,people.com.cn,人民网,,,,,zh,中国,,
4145c0f0-917d-45d4-8615-cccaaf4c8c00,提升生态碳汇能力（大家手笔）--理论-中国共产党新闻网,http://theory.people.com.cn/n1/2021/0610/c40531-32127160.html,",提升生态碳汇能力（大家手笔）--理论",习近平总书记指出：“‘十四五’时期，我国生态文明建设进入了以降碳为重点战略方向、推动减污降碳协同增效、促进经济社会发展全面绿色转型、实现生态环境质量改善由量变到质变的关键时期。”如期实现碳达峰、碳，提升生态碳汇能力（大家手笔）--理论,,,2021/6/10,2021,people.com.cn,人民网,,,,,zh,中国,,
59d442a7-41ad-4aa9-9b2a-42f65c34a4b5,习近平在气候雄心峰会上的讲话（全文）-新华网,http://www.xinhuanet.com/politics/leaders/2020-12/12/c_1126853600.htm,习近平,习近平在气候雄心峰会上的讲话（全文）-新华网,,,2020/12/12,2020,xinhuanet.com,新华网,,,,,zh,中国,,
804bc317-0f41-4794-a7ac-1f6ccf29559c,习近平的深情牵挂：“安心水”怎润百姓心--时政--人民网,http://politics.people.com.cn/n1/2020/0804/c1001-31809654.html,,,,,2020/8/4,2020,people.com.cn,人民网,,,,,zh,中国,,
0f3b74df-c168-4f16-a137-7de1e1c77ffe,习近平致信祝贺金沙江白鹤滩水电站首批机组投产发电,http://sc.people.com.cn/n2/2021/0629/c345167-34798554.html,,贺 信在金沙江白鹤滩水电站首批机组安全准点投产发电之际，我对此表示热烈的祝贺！白鹤滩水电站是实施“西电东送”的国家重大工程，是当今世界在建规模最大、技术难度最高的水电工程。全球单机容量最大功,,,2021/6/29,2021,people.com.cn,人民网,,,,,zh,中国,,
6a28f1c7-ff53-4576-8f89-db6a6dfdeb54,中国华电：情系水电心系人民?久久为功绿色而行--生态--人民网,http://env.people.com.cn/n1/2020/0708/c193227-31775705.html,,绿水青山就是金山银山。6月29日，习近平总书记在对金沙江乌东德水电站首批机组投产发电作出的重要指示中指出，“要坚持生态优先、绿色发展，科学有序推进金沙江水能资源开发，推动金沙江流域在保护中发展、在发展,,,2020/7/8,2020,people.com.cn,人民网,,,,,zh,中国,,
476aafb1-3b6d-48b6-bf4f-0330249a026a,习近平在中法全球治理论坛闭幕式上的讲话（全文）-新华网,http://www.xinhuanet.com/politics/leaders/2019-03/26/c_1124286585.htm,"全球,合作,治理,坚持,发展",习近平在中法全球治理论坛闭幕式上的讲话（全文）-新华网,,,2019/3/26,2019,xinhuanet.com,新华网,,,,,zh,中国,,
773c246d-e17d-449e-ac09-d46009fb91e7,习近平：长江经济带开发要科学、绿色、可持续-新华网,http://www.xinhuanet.com/politics/2018lh/2018-03/10/c_1122517968.htm,,习近平：长江经济带开发要科学、绿色、可持续 ---,,,2018/3/10,2018,xinhuanet.com,新华网,,,,,zh,中国,,
ef22e3da-ab53-42e5-831b-b6dfe06ee140,习近平：坚持推动实现更加强劲、绿色、健康的全球发展-新华网,http://www.xinhuanet.com/politics/leaders/2021-10/31/c_1128016305.htm,习近平,习近平：坚持推动实现更加强劲、绿色、健康的全球发展-新华网,,,2021/10/31,2021,xinhuanet.com,新华网,,,,,zh,中国,,
5f1baf25-7740-4fd5-9bd2-b0fc63a7bbd8,习近平时间丨中国“十四五”开局满是绿色底色-新华网,http://www.xinhuanet.com/video/2021-08/11/c_1211326925.htm,,习近平时间丨中国“十四五”开局满是绿色底色-新华网,,,2021/8/11,2021,xinhuanet.com,新华网,,,,,zh,中国,,
8370fb71-90f9-4a0f-8a52-351f9a3198f1,习近平：推动疫情后世界经济“绿色复苏”-新华网,http://www.xinhuanet.com/2020-09/22/c_1126527634.htm,习近平,习近平：推动疫情后世界经济“绿色复苏”-新华网,,,2020/9/22,2020,xinhuanet.com,新华网,,,,,zh,中国,,
e1642767-7d6c-445f-aab2-2148ff3d4be5,习近平：加快突破推进改革?发展绿色金融--能源--人民网,http://energy.people.com.cn/n1/2016/0901/c71661-28682783.html,金融制度安排 生态环境损害 征用制度 清单编制 财产征收 金融工具 金融体系 金融类 绿色产业 志愿服务,8月30日，习近平在深改小组会议表示，要抓难点、补短板，尚未推出的改革要加快突破推进，已经推出的改革要加快落实落地。要按照既定的时间表、路线图，更加注重发挥经济体制改革的牵引作用。 本次会议提出,,,2016/9/1,2016,people.com.cn,人民网,,,,,zh,中国,,
72ece389-8be3-47e2-8c7a-03de2e01b71d,习近平倡导“三大理念”：开放、绿色、廉洁?完善全球治理--理论-人民网,http://theory.people.com.cn/n1/2019/0426/c148980-31052262.html,",习近平倡导“三大理念”：开放、绿色、廉洁?完善全球治理--理论",中国共产党新闻网北京4月26日电 (记者万鹏)“我们要秉持共商共建共享原则”“我们要坚持开放、绿色、廉洁理念”“我们要努力实现高标准、惠民生、可持续目标”。今日，中国国家主席习近平在第二届“，习近平倡导“三大理念”：开放、绿色、廉洁 完善全球治理--理论,,,2019/4/26,2019,people.com.cn,人民网,,,,,zh,中国,,
cfc09086-88f2-4098-af1d-0671b27d875f,习近平：在绿色转型过程中努力实现社会公平正义--时政--人民网,http://politics.people.com.cn/n1/2021/0422/c1024-32085289.html,习近平 公平正义 实现社会 绿色 重要讲话 国家主席 消除贫困 协同增效 视频 福祉,国家主席习近平22日晚在北京以视频方式出席领导人气候峰会并发表重要讲话。 习近平指出，生态环境关系各国人民的福祉，我们必须充分考虑各国人民对美好生活的向往、对优良环境的期待、对子孙后代的责任，探,,,2021/4/22,2021,people.com.cn,人民网,,,,,zh,中国,,
fb9f6c34-b15d-4731-be0b-a9ebb3f42bd3,习近平：坚持“绿色共识”，推动“绿色发展”--时政--人民网,http://politics.people.com.cn/n1/2021/0209/c1024-32027403.html,习近平 巴黎协定 生物多样性公约 绿色经济 缔约方 气候变化 清洁能源 国家主席 中东欧国家 视频,国家主席习近平9日在北京以视频方式主持中国一中东欧国家领导人峰会并发表主旨讲话。习近平强调，中国和中东欧国家要共同落实应对气候变化《巴黎协定》，为今年联合国第二十六次气候变化缔约方大会和第十五次《生物,,,2021/2/9,2021,people.com.cn,人民网,,,,,zh,中国,,
c7b85789-f8c4-4c06-abba-88742080f04b,习近平绘制绿色中国梦--时政--人民网,http://politics.people.com.cn/n1/2018/0815/c1001-30230552.html,习近平 绿色中国 生态文明 总书记 新局面 地绿 2005年 改革发展 现代化建设 发展理念,,,,2018/8/15,2018,people.com.cn,人民网,,,,,zh,中国,,
302ca88a-c887-467d-a02a-c4d15e504da9,习近平的绿色发展理念：完善“顶层设计”?加固“四梁八柱”--经济・科技--人民网,http://finance.people.com.cn/n1/2017/0606/c1004-29319507.html,,挥锹铲土填入树坑，培实新土堆起围堰，阳春三月里，习近平总书记在北京市朝阳区将台乡接连种下了一颗颗树苗……这正如在中国广袤土地上展开的绿色发展新实践：理念“生根发芽”，成效“破土而出”。“绿水青山就是金,,,2017/6/6,2017,people.com.cn,人民网,,,,,zh,中国,,
f1737446-83f0-4d99-ac12-c9b29d025b26,习近平总书记谈绿色--生态--人民网,http://env.people.com.cn/n1/2016/0303/c1010-28166910.html,,保护生态环境就是保护生产力，改善生态环境就是发展生产力。良好生态环境是最公平的公共产品，是最普惠的民生福祉。 我们既要绿水青山，也要金山银山。宁要绿水青山，不要金山银山，而且绿水青山就是金山银山,,,2016/3/3,2016,people.com.cn,人民网,,,,,zh,中国,,
9db5e883-9ed8-4519-8467-a5e03fe4f39f,习近平再谈绿色发展：“循环利用”之路该如何走？--专题报道-人民网,http://cpc.people.com.cn/xuexi/n1/2016/0824/c385475-28661757.html,",习近平再谈绿色发展：“循环利用”之路该如何走？--专题报道",生态兴则文明兴，生态衰则文明衰。自从党的十八大提出“建设美丽中国”以来，习近平总书记在多个场合对绿色发展理念作了一系列论述。“走向生态文明新时代，建设美丽中国，是实现中华民族伟大复兴的中国梦的重要内容，习近平再谈绿色发展：“循环利用”之路该如何走？--专题报道,,,2016/8/24,2016,people.com.cn,人民网,,,,,zh,中国,,
487e040e-96fa-40fe-b15f-b14e11dfff05,努力书写好绿色发展新答卷（治理之道）, https://politics.gmw.cn/2020-08/31/content_34135400.htm,绿色生态 绿色标准 发展思想 绿色交通 绿色生活,习近平总书记指出：“良好生态环境是东北地区经济社会发展的宝贵资源，也是振兴东北的一个优势。”辽宁省丹东市深入学习贯彻习近平总书记重要指示精神，坚持新发展理念，努力书写好绿色发展新答卷，让人民群众拥有更多获得感幸福感安全感。,,,2020/8/31,2020,gmw.cn,光明网,,,,,zh,中国,,
ae0a07b6-221b-481b-b198-0d9542a12c0e,学习进行时丨“习近平的2021”：为子孙后代计，为长远发展谋,https://m.gmw.cn/2021-12/26/content_35407042.htm,绿色 生态文明 习近平的2021 生态保护 十四五,2021，中国，我们党迎来百年华诞，两个百年奋斗目标历史交汇。2021，世界，百年变局与世纪疫情交织，人类正经历历史上罕见的多重危机。2021，摆在中国人民面前的任务更艰巨、挑战更严峻。这一年，以习近平同志为核心的党中央统揽“四个伟大”，带领中国人民在全面建设社会主义现代化国家开局之年迈出新气象，创造新辉煌。新华社《学习进行时》原创品牌栏目“讲习所”推出年终系列报道“习近平的2021”之“为子孙后代计，为长远发展谋”。,,,2021/12/26,2021,gmw.cn,光明网,,,,,zh,中国,,
5b167ef0-7667-47a5-bfa6-4700f9038049,治国理政新实践 | 绿色绘出幸福底色――习近平总书记关切的生态文明建设新实践-新华网,http://www.xinhuanet.com/politics/2021-08/11/c_1127751643.htm?_hgOutLink=news/newsDetail&id=115605,"绿色,生态文明",治国理政新实践 | 绿色绘出幸福底色――习近平总书记关切的生态文明建设新实践-新华网,,,2021/8/11,2021,xinhuanet.com,新华网,,,,,zh,中国,,
8113a72b-39b8-4fa7-bddc-6b0232021237,习近平：中方将生态文明领域合作作为共建“一带一路”重点内容-新华网,http://www.xinhuanet.com/silkroad/2021-04/22/c_1127363025.htm,习近平,习近平：中方将生态文明领域合作作为共建“一带一路”重点内容-新华网,,,2021/4/22,2021,xinhuanet.com,新华网,,,,,zh,中国,,
58518ad2-ca0e-4e73-afd0-d19192a91f25,习近平生态文明思想对现代西方环境理论的超越-新华网,http://www.xinhuanet.com/politics/2021-10/18/c_1127968605.htm,,习近平生态文明思想对现代西方环境理论的超越 ---习近平生态文明思想，指明人与自然是生命共同体，提出绿水青山就是金山银山的重要理念，倡导构建人类命运共同体，科学回答了新时代我国生态文明建设的根据、途径和价值等重要问题，超越了现代西方环境理论，为实现全球可持续发展贡献了中国智慧和中国方案。,,,2021/10/18,2021,xinhuanet.com,新华网,,,,,zh,中国,,
e2cc3d1b-a093-46bd-9688-37dab33b3fdd,联播+丨习近平五点倡议推进全球交通合作-新华网,http://www.xinhuanet.com/2021-10/15/c_1127960748.htm,交通,联播+丨习近平五点倡议推进全球交通合作-新华网,,,2021/10/15,2021,xinhuanet.com,新华网,,,,,zh,中国,,
595dbbae-65ab-4625-8dd6-d2ba47094e5f,习近平心中的绿水青山是什么样子-新华网,http://news.xinhuanet.com/politics/2015-12/28/c_128638678.htm,习近平,,,,2015/12/28,2015,xinhuanet.com,新华网,,,,,zh,中国,,
2df0757f-3577-4a4e-9072-a25a0aa4d579,习近平在“领导人气候峰会”上的讲话（全文）-新华网,http://www.xinhuanet.com/politics/leaders/2021-04/22/c_1127363132.htm,习近平,习近平在“领导人气候峰会”上的讲话（全文）-新华网,,,2021/4/22,2021,xinhuanet.com,新华网,,,,,zh,中国,,
c39305d2-a02c-44ed-8bea-088f9ee03cb0,习近平：走生态优先绿色发展之路 让中华民族母亲河永葆生机活力-新华网, http://news.xinhuanet.com/politics/2016-01/07/c_1117704361.htm,"习近平,长江经济带,绿色发展",,,,2016/7/1,2016,xinhuanet.com,新华网,,,,,zh,中国,,
bd8abe36-4593-4d67-aa0e-b412b845de4f,习近平：要加快形成绿色低碳交通运输方式-新华网, http://www.xinhuanet.com/2021-10/14/c_1127958631.htm,,习近平：要加快形成绿色低碳交通运输方式-新华网,,,2021/10/14,2021,xinhuanet.com,新华网,,,,,zh,中国,,
b9ac082e-696b-484b-aec3-1f768ebf8d57,习近平：绿色办奥共享办奥开放办奥廉洁办奥?办成一届精彩非凡卓越的奥运盛会--新闻报道-中国共产党新闻网,http://cpc.people.com.cn/n1/2016/0319/c64094-28210943.html,",习近平：绿色办奥共享办奥开放办奥廉洁办奥?办成一届精彩非凡卓越的奥运盛会--新闻报道",3月18日，中共中央总书记、国家主席、中央军委主席习近平在中南海主持召开会议，专题听取北京冬奥会和冬残奥会筹办工作情况汇报并作重要讲话。 新华社记者兰红光摄中共中央总书记、国家主席、中央军委主席习近，习近平：绿色办奥共享办奥开放办奥廉洁办奥 办成一届精彩非凡卓越的奥运盛会--新闻报道,,,2016/3/19,2016,people.com.cn,人民网,,,,,zh,中国,,
4d1c08a8-5b16-4127-bf1e-f4f55b33b52a,回顾：一年来习近平的“雄安金句”--经济・科技--人民网,http://finance.people.com.cn/n1/2018/0331/c1004-29900351.html,,,,,2018/3/31,2018,people.com.cn,人民网,,,,,zh,中国,,
6274714a-4779-4315-9219-72bbb3f5c61d,加快建设世界一流绿色智慧枢纽港口（党的创新理论实践典型案例）--理论-中国共产党新闻网,http://theory.people.com.cn/n1/2021/0328/c40531-32062765.html,",加快建设世界一流绿色智慧枢纽港口（党的创新理论实践典型案例）--理论",从高空俯视天津港，40多公里的海岸线上，173个泊位星罗棋布。 2019年1月17日，习近平总书记考察天津港时强调，“经济要发展，国家要强大，交通特别是海运首先要强起来。要志在万里，努力打造世界，加快建设世界一流绿色智慧枢纽港口（党的创新理论实践典型案例）--理论,,,2021/3/28,2021,people.com.cn,人民网,,,,,zh,中国,,
02465696-9a28-49f8-b457-b0a47fdfd075,习近平在第二届联合国全球可持续交通大会开幕式上的主旨讲话（全文）--国际--人民网, http://world.people.com.cn/n1/2021/1014/c1002-32254068.html,综合交通网 联合国 互联互通 低碳 地球村 联通 互利共赢 议程 全球治理 肺炎,新华社北京10月14日电与世界相交与时代相通在可持续发展道路上阔步前行――在第二届联合国全球可持续交通大会开幕式上的主旨讲话（2021年10月14日）中华人民共和国主席 习近平尊敬的古特雷斯秘书长,,,2021/10/14,2021,people.com.cn,人民网,,,,,zh,中国,,
ed4a1822-6b98-46e6-937c-bd9409360a66,习近平“绿色治理”观：世界认同体现中国担当--新闻报道-人民网, http://cpc.people.com.cn/n1/2017/0607/c64387-29322571.html,"地球卫士 环境保护税 治理机制 绿色生活 绿色理念 中国共产党 世界环境日 绿色环境 环境执法 治理环境,习近平“绿色治理”观：世界认同体现中国担当--新闻报道",宇宙只有一个地球，人类共有一个家园。地球是人类唯一赖以生存的家园，珍爱和呵护地球是人类的唯一选择。人类只有一个地球，各国共处一个世界，我们是“人类命运共同体”。习近平明确指出：“我们既要绿水青山，也要，习近平“绿色治理”观：世界认同体现中国担当--新闻报道,,,2017/6/7,2017,people.com.cn,人民网,,,,,zh,中国,,
d60f2b1e-d6e5-44b6-b29c-769705468dd0,习近平向世界发出一封绿色发展的邀请函--时政--人民网,http://politics.people.com.cn/n1/2016/0605/c1001-28412212.html,,作为全球清洁能源领域里的重要高层论坛，第七届清洁能源部长级会议和“创新使命”部长级会议6月1-2日在美国旧金山召开。习近平向会议致贺信，他在信中强调，中国将贯彻创新、协调、绿色、开放、共享的发展理念，,,,2016/6/5,2016,people.com.cn,人民网,,,,,zh,中国,,
26dcc936-1b57-41e3-b0b7-801f38e65cad,习近平主席联合国全球可持续交通大会讲话引发热烈反响：彰显推进可持续发展决心--经济・科技--人民网, http://finance.people.com.cn/n1/2021/1016/c1004-32255612.html,,国家主席习近平14日晚以视频方式出席第二届联合国全球可持续交通大会开幕式并发表题为《与世界相交与时代相通在可持续发展道路上阔步前行》的主旨讲话。习近平指出，交通是经济的脉络和文明的纽带。纵观世界历史，,,,2021/10/16,2021,people.com.cn,人民网,,,,,zh,中国,,
01a47927-b154-46f0-965d-97eddf494549,习近平对生态文明建设作出重要指示 李克强作出批示-新华网,http://www.xinhuanet.com/politics/2016-12/02/c_1120042543.htm,习近平,,,,2016/12/2,2016,xinhuanet.com,新华网,,,,,zh,中国,,
4203c46f-b495-423e-84d7-24797b026c9b,习近平：争取2020年实现碳强度降低40%-45%,http://jjckb.xinhuanet.com/2015-09/28/c_134667509.htm,经济参考报,经济参考报,,,2015/9/28,2015,xinhuanet.com,新华网,,,,,zh,中国,,
b5af45bb-5571-4e0d-86e8-eeede7de1aa8,习近平：让开放的春风温暖世界-新华每日电讯,http://www.xinhuanet.com/mrdx/2021-11/05/c_1310292078.htm,,,,,2021/11/5,2021,xinhuanet.com,新华网,,,,,zh,中国,,
f901ab8c-bec1-4425-937f-7a3149a7b0f6,习近平：践信守诺，携手各国走绿色、低碳、可持续发展之路-新华网,http://www.xinhuanet.com/world/2021-10/30/c_1128013843.htm,习近平,习近平：践信守诺，携手各国走绿色、低碳、可持续发展之路-新华网,,,2021/10/30,2021,xinhuanet.com,新华网,,,,,zh,中国,,
482d65d5-da33-4f1c-bc0e-06e75a12982a,习近平向2019年太原能源低碳发展论坛致贺信-新华网,http://www.xinhuanet.com/politics/leaders/2019-10/22/c_1125135786.htm,习近平,习近平向2019年太原能源低碳发展论坛致贺信-新华网,,,2019/10/22,2019,xinhuanet.com,新华网,,,,,zh,中国,,
3fc010be-5988-4cdc-b6fc-011a5a907c76,习近平：生态环境保护是功在当代、利在千秋的事业-新华网,http://news.xinhuanet.com/politics/2015-08/05/c_128096616.htm,"生态文明,生态服务功能,习近平,生态环境保护,生态意识",习近平：生态环境保护是功在当代、利在千秋的事业 --- 要加强生态文明宣传教育，增强全民节约意识、环保意识、生态意识，营造爱护生态环境的良好风气。走向生态文明新时代，建设美丽中国，是实现中华民族伟大复兴的中国梦的重要内容。,,,2015/8/5,2015,xinhuanet.com,新华网,,,,,zh,中国,,
7d8bdc60-f02d-41e5-b36d-1a4ca6571967,习近平：中国坚持走生态优先、绿色低碳的发展道路--时政--人民网,http://politics.people.com.cn/n1/2021/0422/c1024-32085295.html,习近平 生态文明 低碳 生态优先 绿色 中华人民共和国宪法 发展道路 重要讲话 国家主席 中国特色社会主义,国家主席习近平22日晚在北京以视频方式出席领导人气候峰会并发表重要讲话。 习近平指出，中国将生态文明理念和生态文明建设写入《中华人民共和国宪法》，纳入中国特色社会主义总体布局。中国以生态文明思想,,,2021/4/22,2021,people.com.cn,人民网,,,,,zh,中国,,
b7a931ca-79f5-40c0-8bbb-18f062a97fe3,习近平：咬定目标脚踏实地埋头苦干久久为功?为黄河永远造福中华民族而不懈奋斗,http://sd.people.com.cn/n2/2021/1022/c166188-34970191.html,,原标题：习近平在深入推动黄河流域生态保护和高质量发展座谈会上强调咬定目标脚踏实地埋头苦干久久为功为黄河永远造福中华民族而不懈奋斗韩正出席并讲话中共中央总书记、国家主席、中央军委主席习近平22日下午在山,,,2021/10/22,2021,people.com.cn,人民网,,,,,zh,中国,,
fe88f81b-1e44-4952-8069-1a0390d8a6ca,习近平谈资源安全：全面促进资源节约集约利用--专题报道-人民网,http://cpc.people.com.cn/xuexi/gb/n1/2018/0816/c385474-30233113.html,",习近平谈资源安全：全面促进资源节约集约利用--专题报道",“学习路上”大型网络数据库 点击进入【学习路上按】坚持总体国家安全观，是习近平新时代中国特色社会主义思想的重要内容。党的十九大报告强调，统筹发展和安全，增强忧患意识，做到居安思危，习近平谈资源安全：全面促进资源节约集约利用--专题报道,,,2018/8/16,2018,people.com.cn,人民网,,,,,zh,中国,,
fe811067-13d8-44a8-bcfd-93b2a19d2a68,习近平：坚持绿色发展是发展观的一场深刻革命--专题报道-人民网,http://cpc.people.com.cn/xuexi/n1/2018/0224/c385476-29831795.html,",习近平：坚持绿色发展是发展观的一场深刻革命--专题报道",“学习路上”大型网络数据库 点击进入【学习路上按】党的十八大以来，习近平同志关于社会主义生态文明建设的一系列重要论述，立意高远，内涵丰富，思想深刻，对于我们深刻认识生态文明建设的，习近平：坚持绿色发展是发展观的一场深刻革命--专题报道,,,2018/2/24,2018,people.com.cn,人民网,,,,,zh,中国,,
e8ec967a-21ac-45b5-b4a3-48d5d0b42292,习近平谈能源产业：走绿色低碳发展道路--专题报道-中国共产党新闻网,http://cpc.people.com.cn/n1/2021/0923/c441092-32234336.html,",习近平谈能源产业：走绿色低碳发展道路--专题报道",13日上午，习近平总书记来到国家能源集团榆林化工有限公司考察，走进中心控制室、来到项目现场，了解煤炭综合利用等情况。他强调，能源产业要继续发展，否则不足以支撑国家现代化。煤炭能源发展要转化升级，走，习近平谈能源产业：走绿色低碳发展道路--专题报道,,,2021/9/23,2021,people.com.cn,人民网,,,,,zh,中国,,
e565a95e-a2cb-4fdc-ab71-58260c4d267d,习近平：生态环境保护是功在当代、利在千秋的事业--专题报道-人民网,http://cpc.people.com.cn/xuexi/n/2015/0805/c385474-27412488.html,",习近平：生态环境保护是功在当代、利在千秋的事业--专题报道",学习路上按：中共十八大以来，以习近平为总书记的新一届中央领导集体，带领全党全国各族人民积极应对前进道路上的困难和挑战，坚定不移深化改革开放，大力推进国家治理体系和治理能力现代化建设，凝聚起实现中华民族，习近平：生态环境保护是功在当代、利在千秋的事业--专题报道,,,2015/8/5,2015,people.com.cn,人民网,,,,,zh,中国,,
e0d7d1f9-4323-4779-833b-45f44e4602a6,习近平谈生态文明--独家稿件-人民网,http://cpc.people.com.cn/n/2014/0829/c164113-25567379.html,",习近平谈生态文明--独家稿件",【编者按】党的十八大以来，习近平总书记从中国特色社会主义事业五位一体总布局的战略高度，对生态文明建设提出了一系列新思想、新观点、新论断。这些重要论述为实现中华民族永续发展和中华民族伟大复兴的中国梦规划，习近平谈生态文明--独家稿件,,,2014/8/29,2014,people.com.cn,人民网,,,,,zh,中国,,
fb99ef32-7541-4665-8442-4ea1888c389c,习近平阐述气候变化义利观：以“最大的决心”推动绿色发展--专题报道-人民网,http://cpc.people.com.cn/xuexi/n/2015/1201/c385475-27877051.html,",习近平阐述气候变化义利观：以“最大的决心”推动绿色发展--专题报道",11月30日，国家主席习近平在巴黎出席气候变化巴黎大会开幕式并发表重要讲话。新华社记者黄敬文摄中国共产党新闻网北京12月1日电 国家主席习近平30日在巴黎出席气候变化巴黎大会开幕式并发表题为，习近平阐述气候变化义利观：以“最大的决心”推动绿色发展--专题报道,,,2015/12/1,2015,people.com.cn,人民网,,,,,zh,中国,,
29ee4fda-6489-48ee-9578-0d16023df27b,习近平：践信守诺，携手各国走绿色、低碳、可持续发展之路--时政--人民网,http://politics.people.com.cn/n1/2021/1030/c1024-32269246.html,习近平 低碳 绿色 可持续发展 重要讲话 达峰 国家主席 表率 推进经济 视频,国家主席习近平30日在北京以视频方式出席二十国集团领导人第十六次峰会第一阶段会议并发表重要讲话。习近平强调，中国一直主动承担与国情相符合的国际责任，积极推进经济绿色转型，不断自主提高应对气候变化行,,,2021/10/30,2021,people.com.cn,人民网,,,,,zh,中国,,
c308bf1c-478f-4a2c-aa39-46f769b7ec44,习近平：要加快形成绿色低碳交通运输方式--时政--人民网,http://politics.people.com.cn/GB/n1/2021/1014/c1024-32254060.html?ivk_sa=1024320u,低碳 习近平 绿色 交通运输 国家主席 出行 轻量化 新能源 视频 联合国,国家主席习近平14日晚以视频方式出席第二届联合国全球可持续交通大会开幕式并发表主旨讲话。 习近平强调，建立绿色低碳发展的经济体系，促进经济社会发展全面绿色转型，才是实现可持续发展的长久之策。要加,,,2021/10/14,2021,people.com.cn,人民网,,,,,zh,中国,,
0306e0a4-e073-4d7b-8fa4-4b32b377213a,言出必行?习近平强调走绿色低碳发展之路--独家稿件-中国共产党新闻网,http://cpc.people.com.cn/n1/2021/1103/c164113-32272324.html,",言出必行?习近平强调走绿色低碳发展之路--独家稿件",2021年11月1日，国家主席习近平向《联合国气候变化框架公约》第二十六次缔约方大会世界领导人峰会发表书面致辞。今年以来，习近平在多个场合一以贯之强调坚持走生态优先、绿色低碳发展道路。，言出必行 习近平强调走绿色低碳发展之路--独家稿件,,,2021/11/3,2021,people.com.cn,人民网,,,,,zh,中国,,
3eb0699d-4930-44e5-8b9d-20028596b900,建设清洁美丽世界，习近平这些话字字珠玑, https://m.gmw.cn/2019-07/03/content_32971012.htm,尊崇自然 习近平 美丽世界 低碳 国际社会,国际社会应携手同行，坚持走绿色、低碳、可持续发展之路，共同迈向清洁美丽的世界，人类文明也才会愈加精彩。――2018年4月10日，在海南博鳌出席博鳌亚洲论坛2018年年会开幕式并发表题为《开放共创繁荣 创新引领未来》的主旨演讲,,,2019/7/3,2019,gmw.cn,光明网,,,,,zh,中国,,
b4394ffc-3b5d-4d4f-857d-598748bb34ea,习近平：决胜全面建成小康社会 夺取新时代中国特色社会主义伟大胜利――在中国共产党第十九次全国代表大会上的报告-新华网,http://www.xinhuanet.com/politics/19cpcnc/2017-10/27/c_1121867529.htm,习近平,习近平：决胜全面建成小康社会 夺取新时代中国特色社会主义伟大胜利――在中国共产党第十九次全国代表大会上的报告 ---夺取新时代中国特色社会主义伟大胜利,,,2017/10/27,2017,xinhuanet.com,新华网,,,,,zh,中国,,
44b8e30f-7ce7-4746-a684-097d2c661ce1,习近平在气候变化巴黎大会开幕式上的讲话（全文）-新华网, http://www.xinhuanet.com/world/2015-12/01/c_1117309642.htm,"巴黎,中国,可持续发展,气候变化,应对",,,,2015/1/12,2015,xinhuanet.com,新华网,,,,,zh,中国,,
6efcc236-3004-49d3-bab4-db650e28656d,《习近平总书记系列重要讲话读本》全文-新华网,http://www.xinhuanet.com/politics/2014-10/13/c_127090941_6.htm,"总书记,重要讲话,中国特色社会主义,讲话精神,科学发展观",《习近平总书记系列重要讲话读本》全文 ---在党的十八大以来治国理政新的实践中，习近平总书记发表了一系列重要讲话。为推动全党深入学习贯彻习近平总书记系列重要讲话精神，切实用讲话精神武装头脑、指导实践、推动工作，中央宣传部组织编写了《习近平总书记系列重要讲话读本》。,,,2014/10/13,2014,xinhuanet.com,新华网,,,,,zh,中国,,
e685f470-204b-42f5-bef3-af82d3393687,习近平系列重要讲话读本：实现实实在在没有水分的增长--观点--人民网,http://opinion.people.com.cn/n/2014/0709/c373228-25257989.html,,发展才能自强，发展是解决我国所有问题的关键。当前，我国发展仍处于大有可为的重要战略机遇期，经济持续健康发展具有很多有利条件；同时也要看到，我国经济正处于增长速度换挡期、结构调整阵痛期和前期刺激政策,,,2014/7/9,2014,people.com.cn,人民网,,,,,zh,中国,,
e9f93f52-2ff6-4e79-9a00-53bd6ea41205,习近平：中方计划2030年左右达到二氧化碳排放峰值--时政--人民网,http://politics.people.com.cn/n/2014/1116/c70731-26034449.html,"习近平,二十国集团,中方,二氧化碳排放,化石能源,石油库存,贸易保护主义,能源合作,气候变化,能效",习近平出席二十国集团领导人第九次峰会第二阶段会议 会议宣布中国主办2016年二十国集团领导人峰会 二十国集团领导人第九次峰会16日在澳大利亚布里斯班继续举行。国家主席习近平出席并发表讲话。,,,2014/11/16,2014,people.com.cn,人民网,,,,,zh,中国,,
52f69b25-e08d-4f89-94ed-ae6d3495c32e,习近平的“两山论”，让世界读懂“美丽中国”, https://m.gmw.cn/2020-06/06/content_33891523.htm,退化土地 世界环境日 美丽世界 金山银山 主场,浙江是习主席提出的“绿水青山就是金山银山”理念的起源地和率先实践地。――2016年，联合国环境规划署发布《绿水青山就是金山银山：中国生态文明战略与行动》报告。老挝自然资源与环境部部长宋玛・奔舍那说：“中老山水相连，我们期望能在澜沧江-湄公河治理开发和水质土壤检测方面与中国同行紧密协作。,,,2020/6/6,2020,gmw.cn,光明网,,,,,zh,中国,,
ee2adac7-ee5a-4ebc-911a-83fda07e352a,打造更加亮丽的北疆风景线（在习近平新时代中国特色社会主义思想指引下――新时代新作为新篇章）,https://politics.gmw.cn/2019-02/27/content_32571336.htm,烯烃项目 共同体意识 校本课程 总书记 2018年,内蒙古稀土转化率和煤炭转化率分别达80.6%和38.4%。一年来，内蒙古自治区上下牢记总书记“三个扎实”的殷殷嘱托，开启经济转型发展、脱贫攻坚、民族团结的新征程，让“模范自治区”绽放出更加夺目的光彩。,,,2019/2/27,2019,gmw.cn,光明网,,,,,zh,中国,,
51070f88-ff8c-4627-b616-890128e38d3d,四天三下团组，习近平这些新提法信息量很大_要闻,https://politics.gmw.cn/2018-03/08/content_27925602.htm,习近平 justify text-indent text-align style,每年两会，习近平总书记的下团组活动都备受关注。2018年两会开启不满一周，从政协联组会到内蒙古、广东代表团，习近平已经三下团组。“小马拉大车”“羊煤土气”“新型政党制度”……习近平这些“新提法”，传递出大量信息，值得认真读一读。,,,2018/3/8,2018,gmw.cn,光明网,,,,,zh,中国,,
7e6e6284-04d7-487d-bc3a-d72f188465d3,时政新闻眼丨习近平山西之行三大“看点”,https://m.gmw.cn/2020-05/13/content_33827209.htm,看点 九河 舰载雷达 包覆材料 虎峪河,从暮春到初夏，习近平总书记在45天之内三次出京考察，分别去往浙、陕、晋，覆盖中国东、西、中。习近平这次考察的山西转型综合改革示范区，其使命就是通过先行先试、改革创新，为转型综合改革和能源革命综合改革创造可复制、可推广的经验。,,,2020/5/13,2020,gmw.cn,光明网,,,,,zh,中国,,
8b0f37c9-7159-4826-86e2-7cff8c1067dd,习近平与内蒙古，这几个故事你知道吗, https://politics.gmw.cn/2020-05/23/content_33852688.htm,习近平 蒙古族习俗 内蒙古经济 代表候选人 建设规律,习近平总书记一直牵挂着祖国北疆，党的十八大后，他在5年时间里两次到内蒙古调研，同各族干部群众通信，留下一段段佳话。2019年3月5日，习近平参加他所在的十三届全国人大二次会议内蒙古代表团审议时，着重谈了生态文明建设问题。,,,2020/5/23,2020,gmw.cn,光明网,,,,,zh,中国,,
a4dca7a4-fdca-452a-955f-6d8616cb1f46,“平语”近人――“护蓝”“增绿” 习近平殷之切切-新华网,http://www.xinhuanet.com/politics/2015-12/19/c_1117512995.htm,"习近平,绿水,生态,金山,银山",,,,2015/12/19,2015,xinhuanet.com,新华网,,,,,zh,中国,,
6382d965-9541-49e3-a2fc-2ce9c9ab518c,第一报道 | 习近平的“两山论”，让世界读懂“美丽中国”-新华网,http://www.xinhuanet.com/politics/leaders/2020-06/05/c_1126080329.htm,,第一报道 | 习近平的“两山论”，让世界读懂“美丽中国”-新华网,,,2020/6/5,2020,xinhuanet.com,新华网,,,,,zh,中国,,
3a6608be-eff3-4851-a0e9-d0e87b6f0f27,走进习近平心中“那座城”-新华网,http://www.xinhuanet.com/politics/2015-12/20/c_128549102.htm,"习近平,传承保护,环境执法,市民化,自然历史过程",,,,2015/12/20,2015,xinhuanet.com,新华网,,,,,zh,中国,,
70f1bdde-1d9b-4555-9ad1-9a0f1ec9c114,习近平心中的“城市中国”-新华网, http://www.xinhuanet.com/politics/2015-12/09/c_1117399732.htm,"习近平,城市,城镇,规划,北京市",,,,2015/9/12,2015,xinhuanet.com,新华网,,,,,zh,中国,,
912a192a-d54c-4af6-a952-ae59f1c8170a,习近平：加快推进能源生产和消费革命 增强我国能源自主保障能力-新华网, http://news.xinhuanet.com/politics/2016-12/28/c_1120207142.htm,习近平,,,,2017/7/25,2017,xinhuanet.com,新华网,,,,,zh,中国,,
09844767-5668-4bc7-908a-c966624a0424,习近平：如果破坏生态环境，即使是有需求的产能也要关停--专题报道-人民网,http://cpc.people.com.cn/xuexi/n1/2018/0228/c385476-29838811.html,",习近平：如果破坏生态环境，即使是有需求的产能也要关停--专题报道",“学习路上”大型网络数据库 点击进入【学习路上按】党的十八大以来，习近平同志关于社会主义生态文明建设的一系列重要论述，立意高远，内涵丰富，思想深刻，对于我们深刻认识生态文明建设的，习近平：如果破坏生态环境，即使是有需求的产能也要关停--专题报道,,,2018/2/28,2018,people.com.cn,人民网,,,,,zh,中国,,
abcc051d-e9d3-40c0-8281-b27309952850,习近平谈能源产业：走绿色低碳发展道路--时政--人民网,http://politics.people.com.cn/n1/2021/0914/c1024-32226949.html,能源产业 习近平 低碳 绿色 达峰 发展道路 煤炭能源 中心控制室 国家能源 总书记,13日上午，习近平总书记来到国家能源集团榆林化工有限公司考察，走进中心控制室、来到项目现场，了解煤炭综合利用等情况。他强调，能源产业要继续发展，否则不足以支撑国家现代化。煤炭能源发展要转化升级，走,,,2021/9/14,2021,people.com.cn,人民网,,,,,zh,中国,,
c2d16fb0-b2bc-4aaf-a1ef-048ce95ee493,习近平对神华宁煤煤制油示范项目建成投产作出重要指示--新闻报道-中国共产党新闻网, http://cpc.people.com.cn/n1/2016/1229/c64094-28984530.html,",习近平对神华宁煤煤制油示范项目建成投产作出重要指示--新闻报道",12月28日，神华宁煤集团400万吨/年煤炭间接液化示范项目举行首批产品装车发运仪式，这标志着我国建设全球单套装置最大的煤制油项目取得阶段性成果。据介绍，该项目是基于我国“缺油、少气、富煤”的化石能源，习近平对神华宁煤煤制油示范项目建成投产作出重要指示--新闻报道,,,2016/12/29,2016,people.com.cn,人民网,,,,,zh,中国,,
62c5c602-13de-4f3c-8fb9-7c9ea47d242f,习近平领衔“中财组”?推动中国能源革命--时政--人民网, http://politics.people.com.cn/n/2014/0613/c1001-25147642.html,革命 能源安全 能源战略 能源生产 能源供给 生态环境损害 能源领域 能源技术 能源合作 能源问题,中新社北京6月13日电题：习近平领衔“中财组”推动中国能源革命中新社记者周锐中共中央总书记、中央财经领导小组组长习近平13日主持召开中央财经领导小组第六次会议，研究中国能源安全战略，并提出推动能源消费,,,2014/6/13,2014,people.com.cn,人民网,,,,,zh,中国,,
aa19d1f8-da9b-45ee-8666-534d2c488d73,习近平出席第四届核安全峰会并发表重要讲话--新闻报道-人民网, http://cpc.people.com.cn/n1/2016/0403/c64094-28246978.html,"核安全文化 国际和平与安全 国家主席 重要讲话 峰会 政策主张 国际关系 核设施 核材料 新进展,习近平出席第四届核安全峰会并发表重要讲话--新闻报道",4月1日，第四届核安全峰会在美国首都华盛顿举行。国家主席习近平出席并发表题为《加强国际核安全体系，推进全球核安全治理》的重要讲话。新华社发4月1日，第四届核安全峰会在美国首都华盛顿举行。国家主席习近平，习近平出席第四届核安全峰会并发表重要讲话--新闻报道,,,2016/4/3,2016,people.com.cn,人民网,,,,,zh,中国,,
297315a9-9392-4de0-b5c9-ad4639ad39e4,习近平将在第三届核安全峰会提中国核安全观--能源--人民网,http://energy.people.com.cn/n/2014/0324/c71661-24719980.html,"核安全峰会,习近平 核安全 安全观 核材料 中国的发展 中方愿 中欧关系 峰会 中国改革 中方希望",昨天，正在荷兰访问的中国国家主席习近平会见了荷兰威廉・亚历山大国王。习近平指出，荷兰是欧洲的门户，我选择从荷兰推开欧洲的大门。在出席中荷经贸合作论坛致辞时，习近平表示，我们愿同荷方一道，共促两国关,,,2014/3/24,2014,people.com.cn,人民网,,,,,zh,中国,,
25ef188a-3971-4699-bd9a-c10568a0cffc,习近平向世界展示“中国名片”--新闻报道-中国共产党新闻网, http://cpc.people.com.cn/n1/2017/0803/c64094-29445978.html,",习近平向世界展示“中国名片”--新闻报道",2014年3月24日，第三届核安全峰会在荷兰海牙举行，中国国家主席习近平出席并发表重要讲话。图为习近平抵达峰会会场。 新华社记者龚兵摄6月26日，中国标准动车组“复兴号”首发。 史家民摄（人民视觉，习近平向世界展示“中国名片”--新闻报道,,,2017/8/3,2017,people.com.cn,人民网,,,,,zh,中国,,
0d52f63c-2cbc-4bbd-a3f3-e3e424e90b68,核安全峰会 习近平受邀首个发言-新华网, http://www.xinhuanet.com/world/2014-03/26/c_126315729_3.htm,"核安全,习近平,峰会,核能,核安全观",核安全峰会 习近平受邀首个发言 ---3月24日，第三届核安全峰会在荷兰海牙举行，国家主席习近平出席并发表重要讲话。讲话中，习近平从“利用核能”切入，提出了4个“并重”，表示要坚持“理性、协调、并进”的核安全观。,,,2014/3/26,2014,xinhuanet.com,新华网,,,,,zh,中国,,
201fa4f3-4d94-4f17-b8ea-cde0c90179f2,习近平普京将共同见证中俄核能合作项目开工-新华每日电讯,http://news.xinhuanet.com/mrdx/2021-05/19/c_139956071.htm,,,,,2021/5/19,2021,xinhuanet.com,新华网,,,,,zh,中国,,
37da3b63-7443-4b80-8675-db5bdcf29d63,华龙一号：中国核电“三十而立”　锻造国家名片,http://jjckb.xinhuanet.com/2017-10/22/c_136697013.htm,经济参考报,经济参考报,,,2017/10/22,2017,xinhuanet.com,新华网,,,,,zh,中国,,
4af792d6-d087-49cb-b6ee-af8f50580bf9,习近平就我国核工业创建60周年作出重要指示-新华网, http://www.xinhuanet.com/politics/2015-01/15/c_1114011173.htm,"核工业,和平利用,习近平,李克强,从小到大",,,,2015/1/14,2015,xinhuanet.com,新华网,,,,,zh,中国,,
57dd31b6-357d-4284-b582-05adc66be160,习近平:真抓实干主动作为形成合力?确保中央重大经济决策落地见效--时政--人民网, http://politics.people.com.cn/n/2015/0210/c1024-26542231.html,中央财经领导小组 习近平 真抓实干 重大事项 经济决策 石油战略储备 中共中央政治局常委 自然历史过程 市民化 首都功能,习近平主持召开中央财经领导小组第九次会议强调 真抓实干主动作为形成合力确保中央重大经济决策落地见效 李克强刘云山张高丽出席 新华网北京2月10日电中共中央总书记、国家主席、中央军委主席、中央,,,2015/2/10,2015,people.com.cn,人民网,,,,,zh,中国,,
e7338d29-13d9-4851-9d21-e8c1538ea26d,习近平提“能源生产和消费革命”的深意--评论-人民网,http://cpc.people.com.cn/pinglun/n/2014/0617/c241220-25161629.html,",习近平提“能源生产和消费革命”的深意--评论",中共中央总书记、国家主席、中央军委主席、中央财经领导小组组长习近平6月13日主持召开中央财经领导小组第六次会议，研究我国能源安全战略。习近平发表重要讲话强调，面对能源供需格局新变化、国际能源发展新趋势，习近平提“能源生产和消费革命”的深意--评论,,,2014/6/17,2014,people.com.cn,人民网,,,,,zh,中国,,
a3ed4872-dead-4ae6-8461-cb7687cad745,习近平和拉赫蒙总统共同出席中塔电力和中国―中亚天然气管道合作项目开工仪式--新闻报道-人民网,http://cpc.people.com.cn/n/2014/0914/c64094-25656214.html,",习近平和拉赫蒙总统共同出席中塔电力和中国―中亚天然气管道合作项目开工仪式--新闻报道",9月13日，国家主席习近平同塔吉克斯坦总统拉赫蒙共同出席中塔电力合作项目开工仪式，按照当地习俗，两国元首在二期工程奠基纪念页上签名，一同将纪念页放入金色的金属管，密封后放入水泥墩中并用水泥浇灌。 ，习近平和拉赫蒙总统共同出席中塔电力和中国―中亚天然气管道合作项目开工仪式--新闻报道,,,2014/9/14,2014,people.com.cn,人民网,,,,,zh,中国,,
6509be34-4cc7-4715-aa39-848ce0a1a597,习近平晤普京：尽早启动天然气管道项目--国际--人民网, http://world.people.com.cn/n/2014/0912/c157278-25648837.html,"习近平,天然气管道,天然气供应,上海合作组织峰会,中方愿,元首,杜尚别,联合军演,中俄双方,俄中",昨日，国家主席习近平在杜尚别会见俄罗斯总统普京。 核心提示：国家主席习近平11日在杜尚别会见俄罗斯总统普京。关于两国务实合作，习近平强调，双方要继续促进两国战略性大项目合作，特别是尽早启动中俄西线天,,,2014/9/12,2014,people.com.cn,人民网,,,,,zh,中国,,
161c40cb-f7bf-4e5f-909f-2cd38ffd651a,习近平晤普京?中俄签西线天然气协议--能源--人民网, http://energy.people.com.cn/n/2014/1110/c71661-26000589.html,习近平 天然气项目 天然气管道 俄中 沪港通 一国两制 西线 国家主席 九二共识 俄罗斯总统普京,9日，国家主席习近平在北京钓鱼台国宾馆会见俄罗斯总统普京。新华社记者兰红光摄 据新华社电国家主席习近平9日在钓鱼台国宾馆会见俄罗斯总统普京。 中俄在国际事务中协调配合更加密切 习近平指出，今,,,2014/11/10,2014,people.com.cn,人民网,,,,,zh,中国,,
a325f497-9dbf-4086-8cae-cc7d5bdf78c4,习近平出席上合峰会：中亚天然气管道D线即将开工--时政--人民网,http://politics.people.com.cn/n/2014/0911/c1001-25638688.html,天然气管道 中亚 乌兹别克斯坦 开工仪式 土库曼斯坦 上合 吉尔吉斯斯坦 国家能源安全 霍瓦尔 西气东输,应塔吉克斯坦共和国总统拉赫蒙邀请，国家主席习近平将出席9月11日至12日在塔吉克斯坦杜尚别举行的上海合作组织成员国元首理事会第十四次会议。 中国驻塔吉克斯坦大使范先荣日前在接受新华社记者专访时表,,,2014/9/11,2014,people.com.cn,人民网,,,,,zh,中国,,
6e2bab3a-be1e-4b56-b08d-aa4ee725083b,习近平出席中国―中亚天然气管道D线开工仪式--能源--人民网,http://energy.people.com.cn/GB/71899/389073/,,,,,2014/6/1,2014,people.com.cn,人民网,,,,,zh,中国,,
36f73bc0-9658-4ef6-8f2c-524017fa4bc0,习近平：推进能源价格、石油天然气体制等改革--时政--人民网,http://politics.people.com.cn/n/2015/0210/c70731-26541739.html,"习近平,能源价格,石油天然气,石油战略储备,能源安全,新华视点,改革,中央财经领导小组,国际能源,微博",中新网2月10日电据新华社“新华视点”官方微博消息，习近平10日主持召开中央财经领导小组第九次会议。习近平指出，保障能源安全，要明确责任、狠抓落实、抓出成效，密切跟踪当前国际能源市场出现的新情况新,,,2015/2/10,2015,people.com.cn,人民网,,,,,zh,中国,,
2b712ad8-5049-4375-987b-50641a3363ec,习近平主持中共中央政治局第三十六次集体学习-新华网,http://www.xinhuanet.com/politics/2022-01/25/c_1128299494.htm,习近平,习近平主持中共中央政治局第三十六次集体学习-新华网,,,2022/1/25,2022,xinhuanet.com,新华网,,,,,zh,中国,,
b916f7ca-ba4f-4464-a718-ec48bd1e7cd8,习近平：在深度贫困地区脱贫攻坚座谈会上的讲话--新闻报道-人民网, http://cpc.people.com.cn/n1/2017/0831/c64094-29507970.html,"贫困地区 重要生态功能区 1986年 西部贫困县 受权 贫困村 涉农资金 十三五 上项目 先飞,习近平：在深度贫困地区脱贫攻坚座谈会上的讲话--新闻报道",6月23日，中共中央总书记、国家主席、中央军委主席习近平在山西太原市主持召开深度贫困地区脱贫攻坚座谈会并发表重要讲话。新华社记者庞兴雷摄在深度贫困地区脱贫攻坚座谈会上的讲话习近平今天，我们召开一个深度，习近平：在深度贫困地区脱贫攻坚座谈会上的讲话--新闻报道,,,2017/8/31,2017,people.com.cn,人民网,,,,,zh,中国,,
69116deb-afe4-4b97-a6d7-cf27aa82ddf0,习近平在2022年世界经济论坛视频会议的演讲（全文）--时政--人民网,http://politics.people.com.cn/n1/2022/0117/c1024-32333451.html,共同体意识 视频会议 经济复苏 世界经济发展 世界经济论坛 经济政策 经济社会 蛋糕 国际社会 小圈子,新华社北京1月17日电坚定信心 勇毅前行 共创后疫情时代美好世界――在2022年世界经济论坛视频会议的演讲（2022年1月17日）中华人民共和国主席习近平尊敬的施瓦布主席，女士们，先生们，朋友们：大家,,,2022/1/17,2022,people.com.cn,人民网,,,,,zh,中国,,
e003e451-3145-41eb-b4aa-bd3c7d12d849,习近平能源安全新战略的浙江探索--新闻报道-中国共产党新闻网, http://cpc.people.com.cn/n1/2019/0703/c419242-31209542.html,",习近平能源安全新战略的浙江探索--新闻报道",能源是国民经济和社会发展的重要基础，是习近平总书记一直关心、关注的重要领域。党的十八大后，面对能源供需格局新变化、国际能源发展新趋势，习近平总书记从保障国家能源安全的全局高度，提出“四个革命、一个合作，习近平能源安全新战略的浙江探索--新闻报道,,,2019/7/3,2019,people.com.cn,人民网,,,,,zh,中国,,
473d6235-e5bf-4571-9797-cf182176f74f,人民日报：推动新时代能源事业高质量发展--观点--人民网,http://opinion.people.com.cn/n1/2019/0813/c1003-31290821.html,,能源安全是关系国家经济社会发展的全局性、战略性问题，对国家繁荣发展、人民生活改善、社会长治久安至关重要。习近平同志2014年6月13日主持召开中央财经领导小组会议，就推动能源生产和消费革命提出5点,,,2019/8/13,2019,people.com.cn,人民网,,,,,zh,中国,,
a6fea0a0-b45e-4795-99ac-92e0a37c052e,习近平“5点要求”为能源生产和消费革命定“航标”--评论-人民网,http://cpc.people.com.cn/pinglun/big5/n/2014/0616/c241220-25156010.html,",习近平“5点要求”为能源生产和消费革命定“航标”--评论",中共中央总书记、国家主席、中央军委主席、中央财经领导小组组长习近平6月13日主持召开中央财经领导小组第六次会议，研究我国能源安全战略。习近平就推动能源生产和消费革命提出5点要求:第一，推动能源消费革命，习近平“5点要求”为能源生产和消费革命定“航标”--评论,,,2014/6/16,2014,people.com.cn,人民网,,,,,zh,中国,,
43fea4d8-03a3-412c-913e-8e905c72e8f5,习近平：中国将大力发展可再生能源--时政--人民网,http://politics.people.com.cn/n1/2021/1012/c1024-32251176.html,可再生能源 视频 达峰 能源结构调整 大力发展 生物多样性公约 风电 保障措施 国家主席 荒漠地区,国家主席习近平12日下午以视频方式出席在昆明举行的《生物多样性公约》第十五次缔约方大会领导人峰会并发表主旨讲话。习近平说：“为推动实现碳达峰、碳中和目标，中国将陆续发布重点领域和行业碳达峰实施方案和一,,,2021/10/12,2021,people.com.cn,人民网,,,,,zh,中国,,
fee8ee56-8f5c-4be6-95cc-8f4b1515a3a0,做优光伏产业?引领绿色发展,http://qh.people.com.cn/n2/2020/1027/c182775-34375806.html,光伏 青海 能源 习近平 清洁 产业 嘱托 创新 电投 西宁太阳能电力有限公司,龙羊峡850兆瓦水光互补光伏电站。国家电投黄河上游水电开发有限责任公司供图 10月深秋，天气渐凉、夜色渐暗，而位于西宁（国家级）经济技术开发区东川工业园区内的国家电投黄河上游水电开发有限,,,2020/10/27,2020,people.com.cn,人民网,,,,,zh,中国,,
a5891acb-570c-401c-a41f-af5e255390fe,勇闯领跑之路――写在习近平总书记视察安徽一周年之际-新华网安徽,http://www.ah.xinhuanet.com/20170425/3702116_c.html,五大发展,敢于领跑，才能不负重托；善于领跑，才能闯出新路。梦想照亮前方，奋进正当其时。今天的安徽正加速从跟跑并跑向并跑领跑跨越！,,,2017/5/16,2017,xinhuanet.com,新华网,,,,,zh,中国,,
1ee78a98-d794-4a8f-88c5-399b52ad0c3f,习近平总书记看望慰问回访：情暖燕赵春潮涌-新华网河北, http://www.he.xinhuanet.com/xinwen/20170127/3636758_m.html,河北,2017年1月24日，农历鸡年春节来临之际，中共中央总书记、国家主席、中央军委主席习近平来到张家口市，在省委书记赵克志、省长张庆伟陪同下，看望慰问基层干部群众，考察脱贫攻坚工作，向全国各族人民致以美好的新春祝福。,,,2017/1/27,2017,xinhuanet.com,新华网,,,,,zh,中国,,
813841d5-6781-43d3-bbc9-e70d63fcf4fd,习近平考察安徽金寨,http://www.xinhuanet.com/politics/2016-04/25/c_1118719711.htm,"习近平,扶贫,老区,金寨县,总书记",村民陈泽平对总书记说：党的这个政策好，我欢迎金寨县是国家级首批重点贫困县，2011年被确定为大别山片区扶贫攻坚重点县。 习近平：一路奔波而来，就是要了解扶贫实际情况，让老区人民过上幸福美好生活总书记一连走进大湾村5户农家，听取村民对实施光伏发电扶贫项目、种植茶叶、发展养殖业以及移民搬迁等的想法，了解省市县开展扶贫工作的具体做法和取得的成效。 大湾村第一书记、扶贫工作队队长余静来自金寨县中医院，她向总书记讲述了自己的扶贫历程。,,,2016/4/25,2016,xinhuanet.com,新华网,,,,,zh,中国,,
ea4d447e-2df3-42aa-bf2d-cdb8cb9ee015,习近平：尊重自然顺应自然保护自然 坚决筑牢国家生态安全屏障-新华网, http://news.xinhuanet.com/politics/2016-08/24/c_1119448608.htm,"习近平,盐湖,青海,生态环境,国家公园",,,,2016/8/22,2016,xinhuanet.com,新华网,,,,,zh,中国,,
85e2be21-005d-4513-b2ef-a3c3f17b4d3b,独家视频丨习近平：中国将大力发展可再生能源-新华网, http://www.xinhuanet.com/video/2021-10/12/c_1211401612.htm,,独家视频丨习近平：中国将大力发展可再生能源-新华网,,,2021/10/12,2021,xinhuanet.com,新华网,,,,,zh,中国,,
c6c38323-27c9-442c-abd9-22ce8b0f210b,习近平：积极推动我国能源生产和消费革命--新闻报道-人民网,http://cpc.people.com.cn/n/2014/0614/c64094-25147885.html,",习近平：积极推动我国能源生产和消费革命--新闻报道",习近平主持召开中央财经领导小组会议强调积极推动我国能源生产和消费革命加快实施能源领域重点任务重大举措李克强张高丽出席中共中央总书记、国家主席、中央军委主席、中央财经领导小组组长习近平6月13日主持召开，习近平：积极推动我国能源生产和消费革命--新闻报道,,,2014/6/14,2014,people.com.cn,人民网,,,,,zh,中国,,
0146dfa9-5558-4312-983f-5aa589646b27,习近平主持中共中央政治局会议 分析研究经济形势-高层动态-新华网, http://www.xinhuanet.com/politics/2013-07/30/c_116745232.htm,"稳中求进,着力,宏观经济,预调,统筹",习近平主持中共中央政治局会议 分析研究经济形势---新华社北京7月30日电中共中央政治局7月30日召开会议，分析研究上半年经济形势和下半年经济工作。,,,2015/2/27,2015,xinhuanet.com,新华网,,,,,zh,中国,,
49cb6ece-46df-4d13-8425-8e896291db1b,（受权发布）习近平：在科学家座谈会上的讲话-新华网,http://www.xinhuanet.com/2020-09/11/c_1126483997.htm,习近平,（受权发布）习近平：在科学家座谈会上的讲话-新华网,,,2020/9/11,2020,xinhuanet.com,新华网,,,,,zh,中国,,
56f9926a-6a7b-4d48-9de8-fe05d8fdb293,习近平向第83届国际电工委员会大会致贺信-新华网,http://www.xinhuanet.com/politics/2019-10/21/c_1125133410.htm,习近平,习近平向第83届国际电工委员会大会致贺信-新华网,,,2019/10/21,2019,xinhuanet.com,新华网,,,,,zh,中国,,
934de359-07db-4192-8963-81c10455da96,习近平:工程科技创新为人类文明进步提供不竭动力-新华网, http://news.xinhuanet.com/politics/2014-06/03/c_1110966948.htm,习近平 工程科技,,,,2014/3/6,2014,xinhuanet.com,新华网,,,,,zh,中国,,
afd131e8-c5d3-4310-8d00-b7deb86e2788,习近平：为建设世界科技强国而奋斗-新华网,http://news.xinhuanet.com/politics/2016-05/31/c_1118965169.htm,,,,,2016/5/31,2016,xinhuanet.com,新华网,,,,,zh,中国,,
788dad71-b241-4c4e-a5c1-daa83ba69231,新时代推进生态文明建设，习近平要求这样干-新华网,http://www.xinhuanet.com/politics/xxjxs/2018-05/19/c_129876489.htm,习近平,新时代推进生态文明建设，习近平要求这样干-新华网,,,2018/5/19,2018,xinhuanet.com,新华网,,,,,zh,中国,,
b02879d9-388f-4f53-94be-b1b4da438969,习近平在中阿合作论坛第八届部长级会议开幕式上的讲话-新华网, http://www.xinhuanet.com/politics/leaders/2018-07/10/c_1123105156.htm,习近平,习近平在中阿合作论坛第八届部长级会议开幕式上的讲话-新华网,,,2018/7/10,2018,xinhuanet.com,新华网,,,,,zh,中国,,
f0d41335-6255-4496-be7a-53c80acdb622,习近平：想群众之所想、急群众之所急、解群众之所困-时政频道-新华网, http://www.xinhuanet.com/politics/2016-12/22/c_129415660.htm,"十三五,粪污处理,中央财经领导小组,农业面源污染,突出问题",习近平：想群众之所想、急群众之所急、解群众之所困---中共中央政治局常委、国务院总理、中央财经领导小组副组长李克强，中共中央政治局常委、中央书记处书记、中央财经领导小组成员刘云山，中共中央政治局常委、国务院副总理、中央财经领导小组成员张高丽出席会议。,,,2017/11/4,2017,xinhuanet.com,新华网,,,,,zh,中国,,
b4f723a9-2c86-45b4-bf3f-bfade423032d,外媒盛赞：习近平为全球气候治理提出“中国方案”-新华网,http://www.xinhuanet.com/world/2015-12/02/c_128490947.htm,"习近平,BFMTV,全球气候,治理模式,治理机制",,,,2015/12/2,2015,xinhuanet.com,新华网,,,,,zh,中国,,
5646cf47-dea5-4611-b098-54d3df6b3d6a,以习近平生态文明思想引领美丽中国建设-新华网,http://www.xinhuanet.com/politics/2020-08/14/c_1126366909.htm,《习近平谈治国理政》第三卷,以习近平生态文明思想引领美丽中国建设 ---其中，习近平总书记对生态文明建设和生态环境保护提出一系列新理念新思想新战略，与时俱进丰富、拓展和深化了习近平生态文明思想，为做好新时代生态环境保护工作提供了重要指引和根本遵循。,,,2020/8/14,2020,xinhuanet.com,新华网,,,,,zh,中国,,
2e821cbb-f639-43ec-8571-4ad58a2133be,习近平在二十国集团领导人杭州峰会上的开幕辞（全文）-新华网, http://www.xinhuanet.com/world/2016-09/04/c_129268987.htm,"习近平,二十国集团领导人杭州峰会",习近平在二十国集团领导人杭州峰会上的开幕辞（全文） ---中华人民共和国主席习近平4日出席二十国集团领导人杭州峰会并致开幕辞。,,,2016/4/9,2016,xinhuanet.com,新华网,,,,,zh,中国,,
48b88f0f-c2c4-448f-aeb3-b1270b6fe666,习近平出席领导人气候峰会并发表重要讲话-新华网, http://www.xinhuanet.com/politics/leaders/2021-04/22/c_1127363307.htm,习近平,习近平出席领导人气候峰会并发表重要讲话-新华网,,,2021/4/22,2021,xinhuanet.com,新华网,,,,,zh,中国,,
9b2edc92-c257-4612-b018-068c690db988,习近平：共同构建人与自然生命共同体-新华每日电讯,http://www.xinhuanet.com/mrdx/2021-04/23/c_139901359.htm,,,,,2021/4/23,2021,xinhuanet.com,新华网,,,,,zh,中国,,
8c4dbe1a-c151-414e-ba9e-885e5eeb5070,习近平总书记关切事｜“两山”共“建”造“福”地――来自八闽大地的绿色发展观察-新华网, http://www.xinhuanet.com/politics/leaders/2021-03/24/c_1127251505.htm,习近平,习近平总书记关切事｜“两山”共“建”造“福”地――来自八闽大地的绿色发展观察-新华网,,,2021/3/24,2021,xinhuanet.com,新华网,,,,,zh,中国,,
e1d97efb-0081-4779-9ffe-1f2422769437,再闯新路看西部 接续奋斗开新局――习近平总书记谋划推动西部大开发谱写新篇章, http://www.xj.xinhuanet.com/2021-10/25/c_1127992342.htm,,,,,2021/10/25,2021,xinhuanet.com,新华网,,,,,zh,中国,,
e4e89de0-7064-4695-b539-8d2765be6994,习近平出席2018年中非合作论坛北京峰会开幕式并发表主旨讲话,http://www.xinhuanet.com/world/focacsummit2018/fhkms/wzsl.htm, ,,,,2018/9/3,2018,xinhuanet.com,新华网,,,,,zh,中国,,
f4e1e93b-417f-4515-bef1-f1b7acca5ab5,习近平在青海考察-新华网,http://news.xinhuanet.com/politics/2016-08/23/c_1119441920.htm,习近平;新村;扶贫搬迁;考察;冒雨,,,,2016/8/23,2016,xinhuanet.com,新华网,,,,,zh,中国,,
3dcc71e9-7859-4b1f-959e-b779bfc9dbdd,习近平：坚持“绿色共识”，推动“绿色发展”-新华网, http://www.xinhuanet.com/2021-02/09/c_1127085935.htm,习近平,习近平：坚持“绿色共识”，推动“绿色发展”-新华网,,,2021/2/9,2021,xinhuanet.com,新华网,,,,,zh,中国,,
05935cb3-0247-4afc-bf6b-4c8c9a06be0b,习近平：坚决打好污染防治攻坚战 推动生态文明建设迈上新台阶-新华网, http://www.xinhuanet.com/politics/leaders/2018-05/19/c_1122857595.htm,习近平,习近平：坚决打好污染防治攻坚战 推动生态文明建设迈上新台阶-新华网,,,2018/5/19,2018,xinhuanet.com,新华网,,,,,zh,中国,,
d35390a8-6aab-4b01-8303-549e2f1ee8c9,习近平：决胜全面建成小康社会?夺取新时代中国特色社会主义伟大胜利?--十九大专题报道-人民网,http://cpc.people.com.cn/19th/n1/2017/1027/c414395-29613458.html,"协商民主 党的团结统一 科学发展观 建设创新型 共同体意识 师德师风建设 区域均衡 生态文明观 构建和谐 强制性披露,习近平：决胜全面建成小康社会?夺取新时代中国特色社会主义伟大胜利?--十九大专题报道",决胜全面建成小康社会夺取新时代中国特色社会主义伟大胜利――在中国共产党第十九次全国代表大会上的报告（2017年10月18日）习近平同志们：现在，我代表第十八届中央委员会向大会作报告。中国共产党第十九次，习近平：决胜全面建成小康社会 夺取新时代中国特色社会主义伟大胜利 --十九大专题报道,,,2017/10/27,2017,people.com.cn,人民网,,,,,zh,中国,,
99620735-03c9-4a58-a54b-e59ef624f4bf,习近平能源安全新战略的浙江探索--时政--人民网, http://politics.people.com.cn/n1/2019/0703/c1001-31209468.html,,能源是国民经济和社会发展的重要基础，是习近平总书记一直关心、关注的重要领域。党的十八大后，面对能源供需格局新变化、国际能源发展新趋势，习近平总书记从保障国家能源安全的全局高度，提出“四个革命、一个,,,2019/7/3,2019,people.com.cn,人民网,,,,,zh,中国,,
2b9bcfbc-b2eb-4385-a26a-0ef2afd14d10,习近平谈生态文明【4】--独家稿件-人民网, http://cpc.people.com.cn/n/2014/0829/c164113-25567379-4.html,",习近平谈生态文明【4】--独家稿件",【编者按】党的十八大以来，习近平总书记从中国特色社会主义事业五位一体总布局的战略高度，对生态文明建设提出了一系列新思想、新观点、新论断。这些重要论述为实现中华民族永续发展和中华民族伟大复兴的中国梦规划，习近平谈生态文明【4】--独家稿件,,,2014/8/29,2014,people.com.cn,人民网,,,,,zh,中国,,
3298295b-7703-4125-9eac-a6ea5da76928,习近平：绿水青山就是金山银山--理论-人民网,http://theory.people.com.cn/n1/2017/0608/c40531-29327210.html,"金山银山 生态灾害 生态服务功能 生态环境损害 升级版 8337 生态功能区 生态安全 绿水青山也是金山银山 之江新语,习近平：绿水青山就是金山银山--理论",我们既要绿水青山，也要金山银山。宁要绿水青山，不要金山银山，而且绿水青山就是金山银山。――习近平在哈萨克斯坦纳扎尔巴耶夫大学的演讲，2013年9月7日绿水青山和金山银山，一个是自然风景，一个象征财富，，习近平：绿水青山就是金山银山--理论,,,2015/11/10,2015,people.com.cn,人民网,,,,,zh,中国,,
6e249b54-138e-440f-8d35-569f79283dad,习近平的生态文明思想--理论-人民网, http://theory.people.com.cn/GB/n1/2017/0117/c352499-29030443.html,",习近平的生态文明思想--理论",在主持浙江工作期间，习近平同志形成了以绿色为基调的生态文明思想，体现为以人为本、人与自然和谐为核心的生态理念和以绿色为导向的生态发展观。习近平同志指出：“以人为本，其中最为重要的，就是不能在发展过程中，习近平的生态文明思想--理论,,,2017/1/17,2017,people.com.cn,人民网,,,,,zh,中国,,
68f68d8d-781c-46b2-bfe1-ea0eb097deb9,习近平：京津冀要打破“一亩三分地”思维--房产--人民网,http://house.people.com.cn/n/2014/0228/c164220-24489851.html,京津冀 协同发展 双城记 综合交通 加快推进 互利共赢 都市型农业 顶层设计 改革发展 环渤海经济区,京津冀：总人口1亿多土地面积：21.6万平方公里 中共中央总书记、国家主席、中央军委主席习近平26日在北京主持召开座谈会，专题听取京津冀协同发展工作汇报。中共中央政治局常委、国务院副总理张高丽出,,,2014/2/28,2014,people.com.cn,人民网,,,,,zh,中国,,
77eb3500-75c8-412f-80a4-66fa73ca6f39,我和总书记面对面：推动高质量发展?创造高品质生活--健康・生活--人民网, http://health.people.com.cn/n1/2021/0308/c14739-32045356.html,,中共中央总书记、国家主席、中央军委主席习近平3月7日下午参加了十三届全国人大四次会议青海代表团审议。 习近平总书记强调，高质量发展是“十四五”乃至更长时期我国经济社会发展的主题，关系我国社会主义,,,2021/3/8,2021,people.com.cn,人民网,,,,,zh,中国,,
1ba0c2b2-ccbd-4e00-956d-f2b84543ccbd,【杭州G20峰会】习近平在杭州与各国领导人谈了什么 (12),http://korea.people.com.cn/n3/2016/0906/c206527-9111376-12.html,,9月4日―5日二十国集团领导人峰会在中国杭州召开，中国国家主席习近平出席此次G20杭州峰会并发表致辞，并在会议期间会见了来自世界多国领导人。习近平在会见这些政要时谈了什么？本,,,2016/9/6,2016,people.com.cn,人民网,,,,,zh,中国,,
d2e26e71-eeec-4c65-9d25-8b6c5eb1f8e1,习近平贺信中的科技情怀--IT--人民网,http://it.people.com.cn/n1/2019/0529/c1009-31107824.html,,,,,2019/5/29,2019,people.com.cn,人民网,,,,,zh,中国,,
86d0632a-c08c-4eb2-9169-414ab3944f64,习近平：坚持绿色低碳，建设一个清洁美丽的世界--专题报道-人民网,http://cpc.people.com.cn/n1/2018/0307/c385476-29852988.html,",习近平：坚持绿色低碳，建设一个清洁美丽的世界--专题报道",“学习路上”大型网络数据库 点击进入【学习路上按】党的十八大以来，习近平同志关于社会主义生态文明建设的一系列重要论述，立意高远，内涵丰富，思想深刻，对于我们深刻认识生态文明建设的，习近平：坚持绿色低碳，建设一个清洁美丽的世界--专题报道,,,2018/3/7,2018,people.com.cn,人民网,,,,,zh,中国,,
0433c4ec-5eb2-477c-a4a1-6f1c93530ebe,习近平向第七届清洁能源部长级会议和“创新使命”部长级会议致贺信--新闻报道-中国共产党新闻网,http://cpc.people.com.cn/n1/2016/0603/c64094-28408341.html,",习近平向第七届清洁能源部长级会议和“创新使命”部长级会议致贺信--新闻报道",习近平致第七届清洁能源部长级会议和“创新使命”部长级会议贺信值此第七届清洁能源部长级会议和“创新使命”部长级会议召开之际，我谨向会议的召开致以热烈的祝贺！向出席会议的各国部长、国际组织机构负责人以及专，习近平向第七届清洁能源部长级会议和“创新使命”部长级会议致贺信--新闻报道,,,2016/6/3,2016,people.com.cn,人民网,,,,,zh,中国,,
f9e658fa-fa79-4f56-9cde-0bb7c8678198,习近平青海考察第二天，谈易地扶贫、生态环境保护、清洁能源发展--新闻报道-中国共产党新闻网, http://cpc.people.com.cn/n1/2016/0824/c64094-28660494.html,",习近平青海考察第二天，谈易地扶贫、生态环境保护、清洁能源发展--新闻报道",【习近平冒雨考察易地扶贫搬迁新村】习近平总书记23日上午来到海东市互助土族自治县五十镇班彦村，考察易地扶贫搬迁新村建设情况。在新村建设工地，习近平冒着蒙蒙细雨，走过尚未完工的泥泞道路，来到村民吕有章的，习近平青海考察第二天，谈易地扶贫、生态环境保护、清洁能源发展--新闻报道,,,2016/8/24,2016,people.com.cn,人民网,,,,,zh,中国,,
7c4d3469-5bae-4f7b-9575-c3b1e4213160,习近平向第八届清洁能源部长级会议和第二届创新使命部长级会议致贺信--新闻报道-中国共产党新闻网,http://cpc.people.com.cn/n1/2017/0608/c64094-29325187.html,",习近平向第八届清洁能源部长级会议和第二届创新使命部长级会议致贺信--新闻报道",第八届清洁能源部长级会议和第二届创新使命部长级会议6月7日在北京开幕。国家主席习近平致贺信，对会议召开表示祝贺。习近平指出，发展清洁能源，是改善能源结构、保障能源安全、推进生态文明建设的重要任务。这次，习近平向第八届清洁能源部长级会议和第二届创新使命部长级会议致贺信--新闻报道,,,2017/6/8,2017,people.com.cn,人民网,,,,,zh,中国,,
e6877b96-bea9-41e2-ae17-7a4db6838a55,习近平指出，加快生态文明体制改革，建设美丽中国--十九大专题报道-人民网, http://cpc.people.com.cn/19th/n1/2017/1018/c414305-29594512.html,"习近平 生态文明观 生态保护 强制性披露 生态补偿机制 生态安全 生态廊道 低碳 生态系统 排污者,习近平指出，加快生态文明体制改革，建设美丽中国--十九大专题报道",习近平同志在十九大报告中指出，加快生态文明体制改革，建设美丽中国。 习近平说，人与自然是生命共同体，人类必须尊重自然、顺应自然、保护自然。 习近平指出，我们要建设的现代化是人与自然和谐共生的现，习近平指出，加快生态文明体制改革，建设美丽中国--十九大专题报道,,,2017/10/18,2017,people.com.cn,人民网,,,,,zh,中国,,
83297976-b5f7-49fa-b9ca-2c6320e89468,近平的生B文明思想--理-人民W,http://theory.people.com.cn/BIG5/n1/2017/0117/c352499-29030443.html,",近平的生B文明思想--理",在主持浙江工作期g，近平同志形成了以G色榛{的生B文明思想，wF橐匀楸尽⑷伺c自然和C楹诵牡纳B理念和以G色向的生Bl展^。近平同志指出：“以人楸荆其中最橹匾的，就是不能在l展^程中，近平的生B文明思想--理,,,2017/1/17,2017,people.com.cn,人民网,,,,,zh,中国,,
2f4ce7e4-52e9-4d8d-aaad-7970d44376ca,开展碳金融工作?助力碳达峰碳中和--新闻报道-中国共产党新闻网, http://cpc.people.com.cn/n1/2021/0615/c64387-32130236.html,",开展碳金融工作?助力碳达峰碳中和--新闻报道",党的十八大以来，我国大力推进生态文明建设，着力打赢污染防治攻坚战，取得了丰硕成果。2020年9月22日，习近平主席在第七十五届联合国大会一般性辩论上发表重要讲话时提出，中国将提高国家自主贡献力度，，开展碳金融工作 助力碳达峰碳中和--新闻报道,,,2021/6/15,2021,people.com.cn,人民网,,,,,zh,中国,,
266b09d2-ef8d-4cc4-a70a-392e7477dc83,习近平主持召开中央财经委员会第九次会议强调?推动平台经济规范健康持续发展?把碳达峰碳中和纳入生态文明建设整体布局--时政--人民网,http://politics.people.com.cn/n1/2021/0315/c1024-32052023.html,低碳 达峰 中央财经 平台 化石能源 十四五 双控 生态文明 碳排放 中共中央政治局常委,习近平主持召开中央财经委员会第九次会议强调推动平台经济规范健康持续发展把碳达峰碳中和纳入生态文明建设整体布局李克强王沪宁韩正出席 新华社北京3月15日电中共中央总书记、国家主席、中央军委主席、中央财,,,2021/3/15,2021,people.com.cn,人民网,,,,,zh,中国,,
5e47a674-3198-46fa-8e7e-9014915e113d,习近平：支持有条件的地方和重点行业、重点企业率先达峰--时政--人民网, http://politics.people.com.cn/n1/2021/0422/c1024-32085297.html,达峰 习近平 重点企业 重点行业 十四五 基加利修正案 重要讲话 国家主席 生态文明 温室气体,国家主席习近平22日晚在北京以视频方式出席领导人气候峰会并发表重要讲话。 习近平指出，中国将碳达峰、碳中和纳入生态文明建设整体布局，正在制定碳达峰行动计划，广泛深入开展碳达峰行动，支持有条件的地,,,2021/4/22,2021,people.com.cn,人民网,,,,,zh,中国,,
932e2d9f-f526-4326-85e7-93f38f622103,打好实现碳达峰碳中和这场硬仗（专题深思）--理论-中国共产党新闻网, http://theory.people.com.cn/n1/2021/0728/c40531-32172250.html,",打好实现碳达峰碳中和这场硬仗（专题深思）--理论",习近平总书记指出：“‘十四五’时期，我国生态文明建设进入了以降碳为重点战略方向、推动减污降碳协同增效、促进经济社会发展全面绿色转型、实现生态环境质量改善由量变到质变的关键时期。”如期实现碳达峰、碳，打好实现碳达峰碳中和这场硬仗（专题深思）--理论,,,2021/7/28,2021,people.com.cn,人民网,,,,,zh,中国,,
705e2bf0-bb6c-4860-bdfa-3fba9af7f21c,服务保障碳达峰碳中和目标如期实现（人民要论）--领导留言板--人民网, http://liuyan.people.com.cn/n1/2021/0816/c58278-32193977.html,,如期实现碳达峰、碳中和目标是以习近平同志为核心的党中央作出的重大战略决策。习近平总书记强调：“要坚定不移贯彻新发展理念，坚持系统观念，处理好发展和减排、整体和局部、短期和中长期的关系，以经济社会发,,,2021/8/16,2021,people.com.cn,人民网,,,,,zh,中国,,
e4df5350-3b93-4cf4-aeb8-c08224016aae,确保如期实现碳达峰碳中和--新闻报道-中国共产党新闻网, http://cpc.people.com.cn/n1/2021/1025/c64387-32262822.html,",确保如期实现碳达峰碳中和--新闻报道",近日，中共中央、国务院印发《关于完整准确全面贯彻新发展理念做好碳达峰碳中和工作的意见》（以下简称《意见》），就确保如期实现碳达峰、碳中和作出全面部署，充分彰显了我国推进绿色低碳转型和高质量发展的巨大勇，确保如期实现碳达峰碳中和--新闻报道,,,2021/10/25,2021,people.com.cn,人民网,,,,,zh,中国,,
f584797c-bf3a-4d05-af5e-ecbb24a398f3,习近平在《生物多样性公约》第十五次缔约方大会领导人峰会上的主旨讲话（全文）--国际--人民网, http://world.people.com.cn/n1/2021/1012/c1002-32251156.html,生物多样性公约 生态文明 地球生命 达峰 国家公园 生物多样性保护 保护自然 缔约方 风电 和谐共生,新华社北京10月12日电共同构建地球生命共同体――在《生物多样性公约》第十五次缔约方大会领导人峰会上的主旨讲话（2021年10月12日）中华人民共和国主席习近平尊敬的各位同事，女士们，先生们，朋友们：,,,2021/10/12,2021,people.com.cn,人民网,,,,,zh,中国,,
299f1585-b909-483b-8d22-a051b427bd95,习近平向《联合国气候变化框架公约》第二十六次缔约方大会世界领导人峰会发表书面致辞--党史学习教育官方网站--人民网, http://dangshi.people.com.cn/n1/2021/1102/c436975-32271031.html,,新华社北京11月1日电 11月1日，国家主席习近平向《联合国气候变化框架公约》第二十六次缔约方大会世界领导人峰会发表书面致辞。习近平指出，当前，气候变化不利影响日益显现，全球行动,,,2021/11/2,2021,people.com.cn,人民网,,,,,zh,中国,,
7a8cba74-07df-4940-a396-e09475d69915,服务保障碳达峰碳中和目标如期实现（人民要论）--理论-中国共产党新闻网, http://theory.people.com.cn/n1/2021/0816/c40531-32193928.html,",服务保障碳达峰碳中和目标如期实现（人民要论）--理论",如期实现碳达峰、碳中和目标是以习近平同志为核心的党中央作出的重大战略决策。习近平总书记强调：“要坚定不移贯彻新发展理念，坚持系统观念，处理好发展和减排、整体和局部、短期和中长期的关系，以经济社会发展全，服务保障碳达峰碳中和目标如期实现（人民要论）--理论,,,2021/8/16,2021,people.com.cn,人民网,,,,,zh,中国,,
1cd9414e-6480-47d8-9709-3df3f8fef7ca,打好实现碳达峰碳中和这场硬仗（专题深思）,http://hb.people.com.cn/n2/2021/0728/c192237-34840636.html,,习近平总书记指出：“‘十四五’时期，我国生态文明建设进入了以降碳为重点战略方向、推动减污降碳协同增效、促进经济社会发展全面绿色转型、实现生态环境质量改善由量变到质变的关键时期。”如期实现碳达峰、碳,,,2021/7/28,2021,people.com.cn,人民网,,,,,zh,中国,,
da803987-561a-4e7a-9469-16104b5837b9,打好实现碳达峰碳中和这场硬仗--新闻报道-中国共产党新闻网,http://cpc.people.com.cn/n1/2021/0604/c64387-32122250.html,",打好实现碳达峰碳中和这场硬仗--新闻报道",去年9月22日，习近平主席在第七十五届联合国大会一般性辩论上宣布：“中国将提高国家自主贡献力度，采取更加有力的政策和措施，二氧化碳排放力争于2030年前达到峰值，努力争取2060年前实现碳中和。”这是，打好实现碳达峰碳中和这场硬仗--新闻报道,,,2021/6/4,2021,people.com.cn,人民网,,,,,zh,中国,,
b7ae7fbe-1fbd-41fa-9897-723ff1c42124,习近平：中国将构建起碳达峰、碳中和“1+N”政策体系--时政--人民网,http://politics.people.com.cn/n1/2021/1012/c1024-32251121.html,达峰 习近平 政策体系 生物多样性公约 风电 保障措施 国家主席 荒漠地区 能源结构调整 可再生能源,国家主席习近平12日下午以视频方式出席《生物多样性公约》第十五次缔约方大会领导人峰会并发表主旨讲话。 习近平指出，为推动实现碳达峰、碳中和目标，中国将陆续发布重点领域和行业碳达峰实施方案和一系列,,,2021/10/12,2021,people.com.cn,人民网,,,,,zh,中国,,
9b10dcd9-a408-4706-9916-342c0b261cdb,习近平：中国承诺实现从碳达峰到碳中和的时间，远远短于发达国家所用时间--时政--人民网,http://politics.people.com.cn/n1/2021/0422/c1024-32085296.html,达峰 重要讲话 国家主席 视频 中方 责任担当 领导人 内在要求 人类命运 峰会,国家主席习近平22日晚在北京以视频方式出席领导人气候峰会并发表重要讲话。 习近平指出，去年，我正式宣布中国将力争2030年前实现碳达峰、2060年前实现碳中和。这是中国基于推动构建人类命运共同体,,,2021/4/22,2021,people.com.cn,人民网,,,,,zh,中国,,
ed587693-686d-46a0-8cee-6c800d18447e,再用眼睛喻生态保护?看习近平的绿色发展观--中国人大新闻--人民网,http://lianghui.people.com.cn/2016npc/n1/2016/0310/c402194-28189531.html,,人民网北京3月10日电（记者赵艳红实习生顾雯）“像保护眼睛一样保护生态环境，像对待生命一样对待生态环境。”10日，参加十二届全国人大四次会议青海代表团审议时，习近平总书记再用“眼睛”和“生命”为喻，强,,,2016/3/10,2016,people.com.cn,人民网,,,,,zh,中国,,
dd089cf7-7aed-4f95-b064-9c84bf21f18a,习近平：培育更多具有自主知识产权和核心竞争力的创新型企业--知识产权--人民网,http://ip.people.com.cn/n1/2018/0309/c179663-29857192.html,习近平 创新型企业 核心竞争力 中央军委主席 国家主席 中共中央总书记 自主知识产权 十三届 中小企业创新 全国人大,,,,2018/3/9,2018,people.com.cn,人民网,,,,,zh,中国,,
b5be02c7-58b2-415c-9f2a-c94da110a76d,习近平为内蒙古把脉：不能只盯着“羊煤土气”--中国人大新闻--人民网,http://lianghui.people.com.cn/2018npc/n1/2018/0305/c417507-29849405.html,,3月5日下午，习近平总书记来到他所在的内蒙古代表团。在认真听取代表发言后，习近平作了发言。他强调，内蒙古产业发展不能只盯着羊、煤、土、气，要大力培育新产业、新动能、新增长极。同时，也要注意有所为有所不,,,2018/3/5,2018,people.com.cn,人民网,,,,,zh,中国,,
4268c8b7-bbbb-428e-aa3a-feb5d2780ffa,习近平：发展新能源汽车是迈向汽车强国的必由之路--人民网汽车--人民网,http://auto.people.com.cn/n/2014/0526/c1005-25066662.html,,5月23日至24日，中共中央总书记、国家主席、中央军委主席习近平在上海考察调研。这是23日下午，习近平在中国（上海）自由贸易试验区外高桥综合服务大厅与窗口工作人员交谈。新华社记者黄敬文摄习近平在上海考,,,2014/5/26,2014,people.com.cn,人民网,,,,,zh,中国,,
2fcf5019-35d0-4071-9203-dc8840a0848d,习近平向2019世界新能源汽车大会致贺信--汽车--人民网,http://auto.people.com.cn/n1/2019/0702/c1005-31208651.html,习近平 新能源汽车 贺信 大会 国家主席 汽车产业 低碳 动能 国际社会 美丽世界,,,,2019/7/2,2019,people.com.cn,人民网,,,,,zh,中国,,
